# Blender 5.0.0
# www.blender.org
mtllib login.mtl
o Text
v 1.889581 0.358646 -0.000000
v 1.847028 0.328111 -0.000000
v 1.807901 0.295622 -0.000000
v 1.772253 0.261349 -0.000000
v 1.740137 0.225460 -0.000000
v 1.711604 0.188128 -0.000000
v 1.686706 0.149520 -0.000000
v 1.665496 0.109809 -0.000000
v 1.648026 0.069164 -0.000000
v 1.634347 0.027755 -0.000000
v 1.624512 -0.014248 -0.000000
v 1.618573 -0.056675 -0.000000
v 1.616581 -0.099354 -0.000000
v 1.618360 -0.139896 -0.000000
v 1.623599 -0.188097 -0.000000
v 1.632153 -0.241827 -0.000000
v 1.643874 -0.298954 -0.000000
v 1.658616 -0.357344 -0.000000
v 1.676235 -0.414867 -0.000000
v 1.696582 -0.469390 -0.000000
v 1.719512 -0.518781 -0.000000
v 1.744879 -0.560907 -0.000000
v 1.772537 -0.593637 -0.000000
v 1.802338 -0.614839 -0.000000
v 1.834137 -0.622380 -0.000000
v 1.861038 -0.614956 -0.000000
v 1.887055 -0.594160 -0.000000
v 1.911910 -0.562204 -0.000000
v 1.935327 -0.521299 -0.000000
v 1.957027 -0.473658 -0.000000
v 1.976734 -0.421492 -0.000000
v 1.994171 -0.367014 -0.000000
v 2.009059 -0.312435 -0.000000
v 2.021122 -0.259968 -0.000000
v 2.030081 -0.211824 -0.000000
v 2.035660 -0.170216 -0.000000
v 2.037582 -0.137355 -0.000000
v 2.035905 -0.109701 -0.000000
v 2.031003 -0.083378 -0.000000
v 2.023066 -0.058589 -0.000000
v 2.012285 -0.035540 -0.000000
v 1.998852 -0.014435 -0.000000
v 1.982956 0.004521 -0.000000
v 1.964790 0.021122 -0.000000
v 1.944544 0.035164 -0.000000
v 1.922409 0.046442 -0.000000
v 1.898577 0.054752 -0.000000
v 1.873237 0.059888 -0.000000
v 1.846581 0.061646 -0.000000
v 1.835538 0.061362 -0.000000
v 1.824905 0.060544 -0.000000
v 1.814675 0.059239 -0.000000
v 1.804841 0.057497 -0.000000
v 1.795395 0.055367 -0.000000
v 1.786331 0.052896 -0.000000
v 1.777643 0.050133 -0.000000
v 1.769322 0.047127 -0.000000
v 1.761362 0.043927 -0.000000
v 1.753757 0.040581 -0.000000
v 1.746499 0.037137 -0.000000
v 1.739581 0.033646 -0.000000
v 1.747742 0.057452 -0.000000
v 1.758118 0.081261 -0.000000
v 1.770550 0.104911 -0.000000
v 1.784878 0.128238 -0.000000
v 1.800941 0.151079 -0.000000
v 1.818581 0.173270 -0.000000
v 1.837638 0.194650 -0.000000
v 1.857952 0.215053 -0.000000
v 1.879363 0.234317 -0.000000
v 1.901711 0.252280 -0.000000
v 1.924837 0.268777 -0.000000
v 1.948582 0.283646 -0.000000
v 1.718581 -0.067354 -0.000000
v 1.728937 -0.060764 -0.000000
v 1.738595 -0.054966 -0.000000
v 1.747691 -0.049917 -0.000000
v 1.756359 -0.045577 -0.000000
v 1.764736 -0.041903 -0.000000
v 1.772956 -0.038854 -0.000000
v 1.781156 -0.036389 -0.000000
v 1.789470 -0.034466 -0.000000
v 1.798034 -0.033042 -0.000000
v 1.806984 -0.032077 -0.000000
v 1.816455 -0.031528 -0.000000
v 1.826581 -0.031354 -0.000000
v 1.842459 -0.032275 -0.000000
v 1.857521 -0.034966 -0.000000
v 1.871659 -0.039323 -0.000000
v 1.884766 -0.045243 -0.000000
v 1.896735 -0.052622 -0.000000
v 1.907456 -0.061354 -0.000000
v 1.916824 -0.071337 -0.000000
v 1.924729 -0.082466 -0.000000
v 1.931066 -0.094636 -0.000000
v 1.935725 -0.107743 -0.000000
v 1.938599 -0.121684 -0.000000
v 1.939581 -0.136354 -0.000000
v 1.938678 -0.152633 -0.000000
v 1.936021 -0.167915 -0.000000
v 1.931691 -0.182120 -0.000000
v 1.925767 -0.195169 -0.000000
v 1.918328 -0.206982 -0.000000
v 1.909456 -0.217479 -0.000000
v 1.899230 -0.226581 -0.000000
v 1.887729 -0.234206 -0.000000
v 1.875034 -0.240276 -0.000000
v 1.861225 -0.244711 -0.000000
v 1.846380 -0.247430 -0.000000
v 1.830581 -0.248355 -0.000000
v 1.812966 -0.246932 -0.000000
v 1.795827 -0.242725 -0.000000
v 1.779472 -0.235823 -0.000000
v 1.764211 -0.226317 -0.000000
v 1.750353 -0.214298 -0.000000
v 1.738206 -0.199854 -0.000000
v 1.728081 -0.183078 -0.000000
v 1.720285 -0.164058 -0.000000
v 1.715128 -0.142886 -0.000000
v 1.712919 -0.119651 -0.000000
v 1.713967 -0.094444 -0.000000
v -1.437519 0.046195 -0.000000
v -1.446608 0.068496 -0.000000
v -1.466082 0.085909 -0.000000
v -1.492480 0.100064 -0.000000
v -1.522340 0.112590 -0.000000
v -1.552200 0.125116 -0.000000
v -1.578598 0.139272 -0.000000
v -1.598072 0.156685 -0.000000
v -1.607160 0.178986 -0.000000
v -1.602401 0.207803 -0.000000
v -1.580332 0.244766 -0.000000
v -1.537492 0.291504 -0.000000
v -1.470419 0.349646 -0.000000
v -1.592419 0.349646 -0.000000
v -1.879419 0.037645 -0.000000
v -1.735240 0.349646 -0.000000
v -1.977419 0.349646 -0.000000
v -1.977419 -0.332355 -0.000000
v -1.752346 -0.337242 -0.000000
v -1.879419 0.004645 -0.000000
v -1.532419 -0.332355 -0.000000
v -1.397419 -0.332355 -0.000000
v -1.407807 -0.301042 -0.000000
v -1.429727 -0.270111 -0.000000
v -1.459334 -0.239435 -0.000000
v -1.492785 -0.208887 -0.000000
v -1.526236 -0.178338 -0.000000
v -1.555843 -0.147662 -0.000000
v -1.577763 -0.116731 -0.000000
v -1.588152 -0.085419 -0.000000
v -1.583165 -0.053597 -0.000000
v -1.558960 -0.021139 -0.000000
v -1.511693 0.012083 -0.000000
v -1.351419 0.008645 -0.000000
v -1.368079 -0.031820 -0.000000
v -1.372279 -0.072784 -0.000000
v -1.365192 -0.113478 -0.000000
v -1.347995 -0.153139 -0.000000
v -1.321862 -0.191001 -0.000000
v -1.287967 -0.226298 -0.000000
v -1.247487 -0.258265 -0.000000
v -1.201596 -0.286136 -0.000000
v -1.151468 -0.309146 -0.000000
v -1.098279 -0.326529 -0.000000
v -1.043205 -0.337521 -0.000000
v -0.987419 -0.341355 -0.000000
v -0.931959 -0.341995 -0.000000
v -0.881065 -0.342801 -0.000000
v -0.834715 -0.342095 -0.000000
v -0.792887 -0.338204 -0.000000
v -0.755558 -0.329452 -0.000000
v -0.722708 -0.314164 -0.000000
v -0.694314 -0.290664 -0.000000
v -0.670355 -0.257277 -0.000000
v -0.650807 -0.212327 -0.000000
v -0.635650 -0.154141 -0.000000
v -0.624861 -0.081042 -0.000000
v -0.618419 0.008645 -0.000000
v -0.619612 0.055408 -0.000000
v -0.627118 0.100482 -0.000000
v -0.640646 0.143414 -0.000000
v -0.659906 0.183751 -0.000000
v -0.684605 0.221041 -0.000000
v -0.714454 0.254829 -0.000000
v -0.749163 0.284662 -0.000000
v -0.788440 0.310087 -0.000000
v -0.831995 0.330652 -0.000000
v -0.879536 0.345902 -0.000000
v -0.930775 0.355384 -0.000000
v -0.985419 0.358646 -0.000000
v -1.034659 0.359288 -0.000000
v -1.073314 0.360100 -0.000000
v -1.103538 0.359402 -0.000000
v -1.127484 0.355520 -0.000000
v -1.147304 0.346777 -0.000000
v -1.165153 0.331497 -0.000000
v -1.183184 0.308002 -0.000000
v -1.203549 0.274618 -0.000000
v -1.228401 0.229666 -0.000000
v -1.259895 0.171471 -0.000000
v -1.300183 0.098356 -0.000000
v -1.250419 0.008645 -0.000000
v -1.231167 0.042192 -0.000000
v -1.213344 0.074897 -0.000000
v -1.196366 0.106366 -0.000000
v -1.179652 0.136203 -0.000000
v -1.162617 0.164012 -0.000000
v -1.144678 0.189397 -0.000000
v -1.125253 0.211963 -0.000000
v -1.103758 0.231313 -0.000000
v -1.079610 0.247052 -0.000000
v -1.052226 0.258785 -0.000000
v -1.021023 0.266114 -0.000000
v -0.985419 0.268645 -0.000000
v -0.948044 0.266394 -0.000000
v -0.912590 0.259803 -0.000000
v -0.879309 0.249114 -0.000000
v -0.848456 0.234571 -0.000000
v -0.820283 0.216418 -0.000000
v -0.795044 0.194896 -0.000000
v -0.772992 0.170249 -0.000000
v -0.754382 0.142720 -0.000000
v -0.739466 0.112552 -0.000000
v -0.728497 0.079988 -0.000000
v -0.721731 0.045272 -0.000000
v -0.719419 0.008645 -0.000000
v -0.721731 -0.027771 -0.000000
v -0.728497 -0.062350 -0.000000
v -0.739466 -0.094839 -0.000000
v -0.754382 -0.124984 -0.000000
v -0.772992 -0.152532 -0.000000
v -0.795044 -0.177229 -0.000000
v -0.820283 -0.198823 -0.000000
v -0.848456 -0.217058 -0.000000
v -0.879309 -0.231683 -0.000000
v -0.912590 -0.242442 -0.000000
v -0.948044 -0.249084 -0.000000
v -0.985419 -0.251355 -0.000000
v -1.024020 -0.248683 -0.000000
v -1.063122 -0.240984 -0.000000
v -1.101675 -0.228729 -0.000000
v -1.138627 -0.212392 -0.000000
v -1.172925 -0.192442 -0.000000
v -1.203520 -0.169354 -0.000000
v -1.229358 -0.143600 -0.000000
v -1.249390 -0.115651 -0.000000
v -1.262563 -0.085979 -0.000000
v -1.267827 -0.055058 -0.000000
v -1.264129 -0.023359 -0.000000
v -0.123419 0.261646 -0.000000
v -0.557419 -0.332355 -0.000000
v 0.057581 -0.332355 -0.000000
v 0.057581 -0.244355 -0.000000
v 0.017308 -0.165813 -0.000000
v -0.021540 -0.114533 -0.000000
v -0.059166 -0.086621 -0.000000
v -0.095774 -0.078183 -0.000000
v -0.131567 -0.085323 -0.000000
v -0.166750 -0.104147 -0.000000
v -0.201525 -0.130761 -0.000000
v -0.236096 -0.161269 -0.000000
v -0.270668 -0.191777 -0.000000
v -0.305443 -0.218390 -0.000000
v -0.340625 -0.237214 -0.000000
v -0.376419 -0.244355 -0.000000
v 0.057581 0.349646 -0.000000
v -0.647716 0.503598 -0.000000
v -0.530419 0.261646 -0.000000
v 0.334867 0.008645 -0.000000
v 0.337146 0.059647 -0.000000
v 0.343124 0.107488 -0.000000
v 0.351510 0.151927 -0.000000
v 0.361015 0.192720 -0.000000
v 0.370350 0.229624 -0.000000
v 0.378224 0.262396 -0.000000
v 0.383348 0.290793 -0.000000
v 0.384433 0.314571 -0.000000
v 0.380188 0.333489 -0.000000
v 0.369324 0.347303 -0.000000
v 0.350552 0.355769 -0.000000
v 0.322581 0.358646 -0.000000
v 0.290524 0.355769 -0.000000
v 0.260452 0.347303 -0.000000
v 0.232519 0.333489 -0.000000
v 0.206878 0.314571 -0.000000
v 0.183681 0.290793 -0.000000
v 0.163081 0.262396 -0.000000
v 0.145232 0.229624 -0.000000
v 0.130285 0.192720 -0.000000
v 0.118394 0.151927 -0.000000
v 0.109711 0.107488 -0.000000
v 0.104389 0.059647 -0.000000
v 0.102581 0.008645 -0.000000
v 0.104389 -0.042356 -0.000000
v 0.109711 -0.090197 -0.000000
v 0.118394 -0.134636 -0.000000
v 0.130285 -0.175429 -0.000000
v 0.145232 -0.212333 -0.000000
v 0.163081 -0.245105 -0.000000
v 0.183681 -0.273501 -0.000000
v 0.206878 -0.297280 -0.000000
v 0.232519 -0.316198 -0.000000
v 0.260452 -0.330012 -0.000000
v 0.290523 -0.338478 -0.000000
v 0.322581 -0.341355 -0.000000
v 0.350552 -0.338478 -0.000000
v 0.369324 -0.330012 -0.000000
v 0.380188 -0.316198 -0.000000
v 0.384433 -0.297280 -0.000000
v 0.383349 -0.273501 -0.000000
v 0.378224 -0.245105 -0.000000
v 0.370350 -0.212333 -0.000000
v 0.361015 -0.175429 -0.000000
v 0.351510 -0.134636 -0.000000
v 0.343124 -0.090197 -0.000000
v 0.337147 -0.042356 -0.000000
v 0.444581 0.008645 -0.000000
v 0.443632 -0.030022 -0.000000
v 0.440822 -0.065947 -0.000000
v 0.436206 -0.099011 -0.000000
v 0.429840 -0.129095 -0.000000
v 0.421780 -0.156083 -0.000000
v 0.412081 -0.179854 -0.000000
v 0.400799 -0.200293 -0.000000
v 0.387988 -0.217280 -0.000000
v 0.373706 -0.230698 -0.000000
v 0.358007 -0.240429 -0.000000
v 0.340946 -0.246353 -0.000000
v 0.322581 -0.248355 -0.000000
v 0.299600 -0.246065 -0.000000
v 0.269778 -0.239342 -0.000000
v 0.234801 -0.228407 -0.000000
v 0.196353 -0.213479 -0.000000
v 0.156119 -0.194778 -0.000000
v 0.115784 -0.172523 -0.000000
v 0.077032 -0.146936 -0.000000
v 0.041548 -0.118234 -0.000000
v 0.011017 -0.086640 -0.000000
v -0.012877 -0.052371 -0.000000
v -0.028448 -0.015649 -0.000000
v -0.034014 0.023308 -0.000000
v -0.028449 0.061687 -0.000000
v -0.012877 0.096814 -0.000000
v 0.011017 0.128673 -0.000000
v 0.041548 0.157247 -0.000000
v 0.077032 0.182520 -0.000000
v 0.115784 0.204477 -0.000000
v 0.156119 0.223099 -0.000000
v 0.196353 0.238373 -0.000000
v 0.234801 0.250280 -0.000000
v 0.269778 0.258806 -0.000000
v 0.299599 0.263933 -0.000000
v 0.322581 0.265646 -0.000000
v 0.340947 0.263644 -0.000000
v 0.358007 0.257720 -0.000000
v 0.373706 0.247989 -0.000000
v 0.387989 0.234571 -0.000000
v 0.400799 0.217584 -0.000000
v 0.412082 0.197145 -0.000000
v 0.421781 0.173373 -0.000000
v 0.429841 0.146386 -0.000000
v 0.436207 0.116302 -0.000000
v 0.440822 0.083238 -0.000000
v 0.443633 0.047313 -0.000000
v 0.626701 -0.188558 -0.000000
v 0.638679 -0.175210 -0.000000
v 0.651034 -0.147622 -0.000000
v 0.663651 -0.108729 -0.000000
v 0.676410 -0.061468 -0.000000
v 0.689196 -0.008774 -0.000000
v 0.701891 0.046419 -0.000000
v 0.714378 0.101174 -0.000000
v 0.726538 0.152556 -0.000000
v 0.738257 0.197629 -0.000000
v 0.749414 0.233459 -0.000000
v 0.759895 0.257110 -0.000000
v 0.769581 0.265646 -0.000000
v 0.787028 0.264842 -0.000000
v 0.803322 0.262465 -0.000000
v 0.818394 0.258567 -0.000000
v 0.832174 0.253201 -0.000000
v 0.844593 0.246418 -0.000000
v 0.855582 0.238270 -0.000000
v 0.865070 0.228810 -0.000000
v 0.872989 0.218090 -0.000000
v 0.879269 0.206161 -0.000000
v 0.883841 0.193076 -0.000000
v 0.886635 0.178887 -0.000000
v 0.887581 0.163646 -0.000000
v 0.886644 0.148673 -0.000000
v 0.883832 0.134784 -0.000000
v 0.879144 0.122021 -0.000000
v 0.872582 0.110423 -0.000000
v 0.864144 0.100034 -0.000000
v 0.853832 0.090896 -0.000000
v 0.841644 0.083048 -0.000000
v 0.827582 0.076534 -0.000000
v 0.811644 0.071396 -0.000000
v 0.793832 0.067673 -0.000000
v 0.774144 0.065409 -0.000000
v 0.752581 0.064645 -0.000000
v 0.752581 -0.025354 -0.000000
v 0.774677 -0.025172 -0.000000
v 0.792732 -0.027048 -0.000000
v 0.807152 -0.030872 -0.000000
v 0.818339 -0.036532 -0.000000
v 0.826698 -0.043915 -0.000000
v 0.832632 -0.052911 -0.000000
v 0.836545 -0.063406 -0.000000
v 0.838841 -0.075290 -0.000000
v 0.839924 -0.088449 -0.000000
v 0.840198 -0.102774 -0.000000
v 0.840066 -0.118150 -0.000000
v 0.839932 -0.134467 -0.000000
v 0.840202 -0.150573 -0.000000
v 0.840782 -0.165820 -0.000000
v 0.841331 -0.180106 -0.000000
v 0.841508 -0.193327 -0.000000
v 0.840972 -0.205380 -0.000000
v 0.839382 -0.216161 -0.000000
v 0.836396 -0.225567 -0.000000
v 0.831673 -0.233495 -0.000000
v 0.824871 -0.239841 -0.000000
v 0.815649 -0.244502 -0.000000
v 0.803667 -0.247374 -0.000000
v 0.788581 -0.248355 -0.000000
v 0.776080 -0.248000 -0.000000
v 0.763572 -0.246933 -0.000000
v 0.751050 -0.245151 -0.000000
v 0.738507 -0.242651 -0.000000
v 0.725936 -0.239428 -0.000000
v 0.713331 -0.235480 -0.000000
v 0.700684 -0.230802 -0.000000
v 0.687989 -0.225392 -0.000000
v 0.675237 -0.219245 -0.000000
v 0.662424 -0.212359 -0.000000
v 0.649541 -0.204730 -0.000000
v 0.636581 -0.196355 -0.000000
v 0.636581 -0.302355 -0.000000
v 0.648830 -0.308374 -0.000000
v 0.661072 -0.313924 -0.000000
v 0.673300 -0.318995 -0.000000
v 0.685507 -0.323577 -0.000000
v 0.697686 -0.327658 -0.000000
v 0.709831 -0.331230 -0.000000
v 0.721934 -0.334280 -0.000000
v 0.733989 -0.336799 -0.000000
v 0.745988 -0.338776 -0.000000
v 0.757924 -0.340202 -0.000000
v 0.769791 -0.341065 -0.000000
v 0.781581 -0.341355 -0.000000
v 0.812280 -0.339611 -0.000000
v 0.841257 -0.334493 -0.000000
v 0.868331 -0.326167 -0.000000
v 0.893322 -0.314799 -0.000000
v 0.916049 -0.300556 -0.000000
v 0.936332 -0.283605 -0.000000
v 0.953989 -0.264111 -0.000000
v 0.968841 -0.242243 -0.000000
v 0.980707 -0.218167 -0.000000
v 0.989406 -0.192049 -0.000000
v 0.994758 -0.164056 -0.000000
v 0.996581 -0.134354 -0.000000
v 0.995952 -0.116863 -0.000000
v 0.994044 -0.099507 -0.000000
v 0.990831 -0.082464 -0.000000
v 0.986285 -0.065910 -0.000000
v 0.980378 -0.050023 -0.000000
v 0.973081 -0.034980 -0.000000
v 0.964368 -0.020957 -0.000000
v 0.954211 -0.008132 -0.000000
v 0.942581 0.003317 -0.000000
v 0.929452 0.013215 -0.000000
v 0.914794 0.021383 -0.000000
v 0.898581 0.027645 -0.000000
v 0.913317 0.036347 -0.000000
v 0.926554 0.045507 -0.000000
v 0.938331 0.055208 -0.000000
v 0.948693 0.065534 -0.000000
v 0.957679 0.076569 -0.000000
v 0.965332 0.088395 -0.000000
v 0.971693 0.101097 -0.000000
v 0.976804 0.114757 -0.000000
v 0.980707 0.129458 -0.000000
v 0.983443 0.145284 -0.000000
v 0.985054 0.162319 -0.000000
v 0.985581 0.180645 -0.000000
v 0.983956 0.206835 -0.000000
v 0.979165 0.231331 -0.000000
v 0.971331 0.254020 -0.000000
v 0.960581 0.274794 -0.000000
v 0.947040 0.293539 -0.000000
v 0.930831 0.310146 -0.000000
v 0.912081 0.324502 -0.000000
v 0.890914 0.336497 -0.000000
v 0.867456 0.346021 -0.000000
v 0.841831 0.352960 -0.000000
v 0.814164 0.357206 -0.000000
v 0.784581 0.358646 -0.000000
v 0.772073 0.358457 -0.000000
v 0.760016 0.357886 -0.000000
v 0.748363 0.356927 -0.000000
v 0.737063 0.355571 -0.000000
v 0.726069 0.353813 -0.000000
v 0.715331 0.351645 -0.000000
v 0.704802 0.349061 -0.000000
v 0.694433 0.346053 -0.000000
v 0.684175 0.342614 -0.000000
v 0.673979 0.338738 -0.000000
v 0.663798 0.334417 -0.000000
v 0.653581 0.329646 -0.000000
v 1.389581 0.358646 -0.000000
v 1.347028 0.328111 -0.000000
v 1.307901 0.295622 -0.000000
v 1.272253 0.261349 -0.000000
v 1.240137 0.225460 -0.000000
v 1.211604 0.188128 -0.000000
v 1.186706 0.149520 -0.000000
v 1.165496 0.109809 -0.000000
v 1.148026 0.069164 -0.000000
v 1.134347 0.027755 -0.000000
v 1.124512 -0.014248 -0.000000
v 1.118573 -0.056675 -0.000000
v 1.116581 -0.099354 -0.000000
v 1.118408 -0.134366 -0.000000
v 1.123780 -0.167280 -0.000000
v 1.132534 -0.197917 -0.000000
v 1.144507 -0.226095 -0.000000
v 1.159535 -0.251635 -0.000000
v 1.177456 -0.274355 -0.000000
v 1.198106 -0.294074 -0.000000
v 1.221322 -0.310614 -0.000000
v 1.246940 -0.323792 -0.000000
v 1.274799 -0.333429 -0.000000
v 1.304733 -0.339343 -0.000000
v 1.336581 -0.341355 -0.000000
v 1.363434 -0.339460 -0.000000
v 1.389317 -0.333952 -0.000000
v 1.413972 -0.325089 -0.000000
v 1.437137 -0.313132 -0.000000
v 1.458552 -0.298342 -0.000000
v 1.477956 -0.280980 -0.000000
v 1.495090 -0.261304 -0.000000
v 1.509692 -0.239577 -0.000000
v 1.521503 -0.216058 -0.000000
v 1.530262 -0.191007 -0.000000
v 1.535708 -0.164686 -0.000000
v 1.537581 -0.137355 -0.000000
v 1.535905 -0.109701 -0.000000
v 1.531003 -0.083378 -0.000000
v 1.523066 -0.058589 -0.000000
v 1.512285 -0.035540 -0.000000
v 1.498852 -0.014435 -0.000000
v 1.482956 0.004521 -0.000000
v 1.464790 0.021122 -0.000000
v 1.444544 0.035164 -0.000000
v 1.422409 0.046442 -0.000000
v 1.398577 0.054752 -0.000000
v 1.373237 0.059888 -0.000000
v 1.346581 0.061646 -0.000000
v 1.335538 0.061362 -0.000000
v 1.324905 0.060544 -0.000000
v 1.314675 0.059239 -0.000000
v 1.304841 0.057497 -0.000000
v 1.295395 0.055367 -0.000000
v 1.286331 0.052896 -0.000000
v 1.277643 0.050133 -0.000000
v 1.269322 0.047127 -0.000000
v 1.261362 0.043927 -0.000000
v 1.253757 0.040581 -0.000000
v 1.246499 0.037137 -0.000000
v 1.239581 0.033646 -0.000000
v 1.247742 0.057452 -0.000000
v 1.258118 0.081261 -0.000000
v 1.270550 0.104911 -0.000000
v 1.284878 0.128238 -0.000000
v 1.300941 0.151079 -0.000000
v 1.318581 0.173270 -0.000000
v 1.337638 0.194650 -0.000000
v 1.357952 0.215053 -0.000000
v 1.379363 0.234317 -0.000000
v 1.401711 0.252280 -0.000000
v 1.424837 0.268777 -0.000000
v 1.448581 0.283646 -0.000000
v 1.218581 -0.067354 -0.000000
v 1.228937 -0.060764 -0.000000
v 1.238595 -0.054966 -0.000000
v 1.247691 -0.049917 -0.000000
v 1.256359 -0.045577 -0.000000
v 1.264736 -0.041903 -0.000000
v 1.272956 -0.038854 -0.000000
v 1.281156 -0.036389 -0.000000
v 1.289470 -0.034466 -0.000000
v 1.298034 -0.033042 -0.000000
v 1.306984 -0.032077 -0.000000
v 1.316455 -0.031528 -0.000000
v 1.326581 -0.031354 -0.000000
v 1.342459 -0.032275 -0.000000
v 1.357521 -0.034966 -0.000000
v 1.371659 -0.039323 -0.000000
v 1.384766 -0.045243 -0.000000
v 1.396735 -0.052622 -0.000000
v 1.407456 -0.061354 -0.000000
v 1.416824 -0.071337 -0.000000
v 1.424729 -0.082466 -0.000000
v 1.431066 -0.094636 -0.000000
v 1.435725 -0.107743 -0.000000
v 1.438599 -0.121684 -0.000000
v 1.439581 -0.136354 -0.000000
v 1.438678 -0.150085 -0.000000
v 1.436021 -0.158321 -0.000000
v 1.431691 -0.161883 -0.000000
v 1.425767 -0.161591 -0.000000
v 1.418328 -0.158264 -0.000000
v 1.409456 -0.152722 -0.000000
v 1.399230 -0.145783 -0.000000
v 1.387729 -0.138269 -0.000000
v 1.375034 -0.130997 -0.000000
v 1.361225 -0.124789 -0.000000
v 1.346380 -0.120463 -0.000000
v 1.330581 -0.118839 -0.000000
v 1.312966 -0.119964 -0.000000
v 1.295827 -0.122803 -0.000000
v 1.279472 -0.126544 -0.000000
v 1.264211 -0.130380 -0.000000
v 1.250353 -0.133500 -0.000000
v 1.238206 -0.135096 -0.000000
v 1.228081 -0.134359 -0.000000
v 1.220285 -0.130480 -0.000000
v 1.215128 -0.122649 -0.000000
v 1.212919 -0.110057 -0.000000
v 1.213967 -0.091895 -0.000000
v 1.889581 0.358646 0.173916
v 1.847028 0.328111 0.173916
v 1.807901 0.295622 0.173916
v 1.772253 0.261349 0.173916
v 1.740137 0.225460 0.173916
v 1.711604 0.188128 0.173916
v 1.686706 0.149520 0.173916
v 1.665496 0.109809 0.173916
v 1.648026 0.069164 0.173916
v 1.634347 0.027755 0.173916
v 1.624512 -0.014248 0.173916
v 1.618573 -0.056675 0.173916
v 1.616581 -0.099355 0.173916
v 1.618360 -0.139896 0.173916
v 1.623599 -0.188097 0.173916
v 1.632153 -0.241827 0.173916
v 1.643874 -0.298954 0.173916
v 1.658616 -0.357344 0.173916
v 1.676235 -0.414867 0.173916
v 1.696582 -0.469390 0.173916
v 1.719512 -0.518781 0.173916
v 1.744879 -0.560907 0.173916
v 1.772537 -0.593637 0.173916
v 1.802338 -0.614839 0.173916
v 1.834137 -0.622380 0.173916
v 1.861038 -0.614956 0.173916
v 1.887055 -0.594160 0.173916
v 1.911910 -0.562204 0.173916
v 1.935327 -0.521299 0.173916
v 1.957027 -0.473658 0.173916
v 1.976734 -0.421492 0.173916
v 1.994171 -0.367014 0.173916
v 2.009059 -0.312435 0.173916
v 2.021122 -0.259968 0.173916
v 2.030081 -0.211824 0.173916
v 2.035660 -0.170216 0.173916
v 2.037582 -0.137355 0.173916
v 2.035905 -0.109701 0.173916
v 2.031003 -0.083378 0.173916
v 2.023066 -0.058589 0.173916
v 2.012285 -0.035540 0.173916
v 1.998852 -0.014435 0.173916
v 1.982956 0.004521 0.173916
v 1.964790 0.021122 0.173916
v 1.944544 0.035164 0.173916
v 1.922409 0.046442 0.173916
v 1.898577 0.054752 0.173916
v 1.873237 0.059888 0.173916
v 1.846581 0.061646 0.173916
v 1.835538 0.061362 0.173916
v 1.824905 0.060544 0.173916
v 1.814675 0.059239 0.173916
v 1.804841 0.057497 0.173916
v 1.795395 0.055367 0.173916
v 1.786331 0.052896 0.173916
v 1.777643 0.050133 0.173916
v 1.769322 0.047127 0.173916
v 1.761362 0.043927 0.173916
v 1.753757 0.040581 0.173916
v 1.746499 0.037137 0.173916
v 1.739581 0.033646 0.173916
v 1.747742 0.057452 0.173916
v 1.758118 0.081261 0.173916
v 1.770550 0.104911 0.173916
v 1.784878 0.128238 0.173916
v 1.800941 0.151079 0.173916
v 1.818581 0.173270 0.173916
v 1.837638 0.194650 0.173916
v 1.857952 0.215053 0.173916
v 1.879363 0.234317 0.173916
v 1.901711 0.252280 0.173916
v 1.924837 0.268777 0.173916
v 1.948582 0.283646 0.173916
v 1.718581 -0.067354 0.173916
v 1.728937 -0.060764 0.173916
v 1.738595 -0.054966 0.173916
v 1.747691 -0.049917 0.173916
v 1.756359 -0.045577 0.173916
v 1.764736 -0.041903 0.173916
v 1.772956 -0.038854 0.173916
v 1.781156 -0.036389 0.173916
v 1.789470 -0.034466 0.173916
v 1.798034 -0.033042 0.173916
v 1.806984 -0.032077 0.173916
v 1.816455 -0.031528 0.173916
v 1.826581 -0.031354 0.173916
v 1.842459 -0.032275 0.173916
v 1.857521 -0.034966 0.173916
v 1.871659 -0.039323 0.173916
v 1.884766 -0.045243 0.173916
v 1.896735 -0.052622 0.173916
v 1.907456 -0.061354 0.173916
v 1.916824 -0.071337 0.173916
v 1.924729 -0.082466 0.173916
v 1.931066 -0.094636 0.173916
v 1.935725 -0.107743 0.173916
v 1.938599 -0.121684 0.173916
v 1.939581 -0.136355 0.173916
v 1.938678 -0.152633 0.173916
v 1.936021 -0.167915 0.173916
v 1.931691 -0.182120 0.173916
v 1.925767 -0.195169 0.173916
v 1.918328 -0.206982 0.173916
v 1.909456 -0.217480 0.173916
v 1.899230 -0.226581 0.173916
v 1.887729 -0.234206 0.173916
v 1.875034 -0.240276 0.173916
v 1.861225 -0.244711 0.173916
v 1.846380 -0.247430 0.173916
v 1.830581 -0.248355 0.173916
v 1.812966 -0.246932 0.173916
v 1.795827 -0.242725 0.173916
v 1.779472 -0.235823 0.173916
v 1.764211 -0.226317 0.173916
v 1.750353 -0.214298 0.173916
v 1.738206 -0.199855 0.173916
v 1.728081 -0.183078 0.173916
v 1.720285 -0.164058 0.173916
v 1.715128 -0.142886 0.173916
v 1.712919 -0.119651 0.173916
v 1.713967 -0.094444 0.173916
v -1.437519 0.046195 0.173916
v -1.446608 0.068496 0.173916
v -1.466082 0.085909 0.173916
v -1.492480 0.100064 0.173916
v -1.522340 0.112590 0.173916
v -1.552200 0.125116 0.173916
v -1.578598 0.139272 0.173916
v -1.598072 0.156685 0.173916
v -1.607160 0.178986 0.173916
v -1.602401 0.207803 0.173916
v -1.580332 0.244766 0.173916
v -1.537492 0.291504 0.173916
v -1.470419 0.349646 0.173916
v -1.592419 0.349646 0.173916
v -1.879419 0.037645 0.173916
v -1.735240 0.349646 0.173916
v -1.977419 0.349646 0.173916
v -1.977419 -0.332355 0.173916
v -1.752346 -0.337242 0.173916
v -1.879419 0.004645 0.173916
v -1.532419 -0.332355 0.173916
v -1.397419 -0.332355 0.173916
v -1.407807 -0.301042 0.173916
v -1.429727 -0.270111 0.173916
v -1.459334 -0.239435 0.173916
v -1.492785 -0.208887 0.173916
v -1.526236 -0.178338 0.173916
v -1.555843 -0.147662 0.173916
v -1.577763 -0.116731 0.173916
v -1.588152 -0.085419 0.173916
v -1.583165 -0.053597 0.173916
v -1.558960 -0.021139 0.173916
v -1.511693 0.012083 0.173916
v -1.351419 0.008645 0.173916
v -1.368079 -0.031820 0.173916
v -1.372279 -0.072784 0.173916
v -1.365192 -0.113478 0.173916
v -1.347995 -0.153139 0.173916
v -1.321862 -0.191001 0.173916
v -1.287967 -0.226298 0.173916
v -1.247487 -0.258265 0.173916
v -1.201596 -0.286136 0.173916
v -1.151468 -0.309146 0.173916
v -1.098279 -0.326529 0.173916
v -1.043205 -0.337521 0.173916
v -0.987419 -0.341355 0.173916
v -0.931959 -0.341995 0.173916
v -0.881065 -0.342801 0.173916
v -0.834715 -0.342095 0.173916
v -0.792887 -0.338204 0.173916
v -0.755558 -0.329452 0.173916
v -0.722708 -0.314164 0.173916
v -0.694314 -0.290664 0.173916
v -0.670355 -0.257277 0.173916
v -0.650807 -0.212327 0.173916
v -0.635650 -0.154141 0.173916
v -0.624861 -0.081042 0.173916
v -0.618419 0.008645 0.173916
v -0.619612 0.055408 0.173916
v -0.627118 0.100482 0.173916
v -0.640646 0.143414 0.173916
v -0.659906 0.183751 0.173916
v -0.684605 0.221041 0.173916
v -0.714454 0.254829 0.173916
v -0.749163 0.284662 0.173916
v -0.788440 0.310087 0.173916
v -0.831995 0.330652 0.173916
v -0.879536 0.345902 0.173916
v -0.930775 0.355384 0.173916
v -0.985419 0.358646 0.173916
v -1.034659 0.359288 0.173916
v -1.073314 0.360100 0.173916
v -1.103538 0.359402 0.173916
v -1.127484 0.355520 0.173916
v -1.147304 0.346777 0.173916
v -1.165153 0.331497 0.173916
v -1.183184 0.308002 0.173916
v -1.203549 0.274618 0.173916
v -1.228401 0.229666 0.173916
v -1.259895 0.171471 0.173916
v -1.300183 0.098356 0.173916
v -1.250419 0.008645 0.173916
v -1.231167 0.042192 0.173916
v -1.213344 0.074897 0.173916
v -1.196366 0.106366 0.173916
v -1.179652 0.136203 0.173916
v -1.162617 0.164012 0.173916
v -1.144678 0.189397 0.173916
v -1.125253 0.211963 0.173916
v -1.103758 0.231313 0.173916
v -1.079610 0.247052 0.173916
v -1.052226 0.258785 0.173916
v -1.021023 0.266114 0.173916
v -0.985419 0.268645 0.173916
v -0.948044 0.266394 0.173916
v -0.912590 0.259803 0.173916
v -0.879309 0.249114 0.173916
v -0.848456 0.234571 0.173916
v -0.820283 0.216418 0.173916
v -0.795044 0.194896 0.173916
v -0.772992 0.170249 0.173916
v -0.754382 0.142720 0.173916
v -0.739466 0.112552 0.173916
v -0.728497 0.079988 0.173916
v -0.721731 0.045272 0.173916
v -0.719419 0.008645 0.173916
v -0.721731 -0.027771 0.173916
v -0.728497 -0.062350 0.173916
v -0.739466 -0.094839 0.173916
v -0.754382 -0.124984 0.173916
v -0.772992 -0.152532 0.173916
v -0.795044 -0.177230 0.173916
v -0.820283 -0.198823 0.173916
v -0.848456 -0.217058 0.173916
v -0.879309 -0.231683 0.173916
v -0.912590 -0.242442 0.173916
v -0.948044 -0.249084 0.173916
v -0.985419 -0.251355 0.173916
v -1.024020 -0.248683 0.173916
v -1.063122 -0.240984 0.173916
v -1.101675 -0.228729 0.173916
v -1.138627 -0.212392 0.173916
v -1.172925 -0.192442 0.173916
v -1.203520 -0.169354 0.173916
v -1.229358 -0.143600 0.173916
v -1.249390 -0.115651 0.173916
v -1.262563 -0.085979 0.173916
v -1.267827 -0.055058 0.173916
v -1.264129 -0.023359 0.173916
v -0.123419 0.261646 0.173916
v -0.557419 -0.332355 0.173916
v 0.057581 -0.332355 0.173916
v 0.057581 -0.244355 0.173916
v 0.017308 -0.165813 0.173916
v -0.021540 -0.114533 0.173916
v -0.059166 -0.086621 0.173916
v -0.095774 -0.078183 0.173916
v -0.131567 -0.085323 0.173916
v -0.166750 -0.104147 0.173916
v -0.201525 -0.130761 0.173916
v -0.236096 -0.161269 0.173916
v -0.270668 -0.191777 0.173916
v -0.305443 -0.218390 0.173916
v -0.340625 -0.237214 0.173916
v -0.376419 -0.244355 0.173916
v 0.057581 0.349646 0.173916
v -0.647716 0.503598 0.173916
v -0.530419 0.261646 0.173916
v 0.334867 0.008645 0.173916
v 0.337146 0.059647 0.173916
v 0.343124 0.107488 0.173916
v 0.351510 0.151927 0.173916
v 0.361015 0.192720 0.173916
v 0.370350 0.229624 0.173916
v 0.378224 0.262396 0.173916
v 0.383348 0.290793 0.173916
v 0.384433 0.314571 0.173916
v 0.380188 0.333489 0.173916
v 0.369324 0.347303 0.173916
v 0.350552 0.355769 0.173916
v 0.322581 0.358646 0.173916
v 0.290524 0.355769 0.173916
v 0.260452 0.347303 0.173916
v 0.232519 0.333489 0.173916
v 0.206878 0.314571 0.173916
v 0.183681 0.290793 0.173916
v 0.163081 0.262396 0.173916
v 0.145232 0.229624 0.173916
v 0.130285 0.192720 0.173916
v 0.118394 0.151927 0.173916
v 0.109711 0.107488 0.173916
v 0.104389 0.059647 0.173916
v 0.102581 0.008645 0.173916
v 0.104389 -0.042356 0.173916
v 0.109711 -0.090197 0.173916
v 0.118394 -0.134636 0.173916
v 0.130285 -0.175429 0.173916
v 0.145232 -0.212333 0.173916
v 0.163081 -0.245105 0.173916
v 0.183681 -0.273502 0.173916
v 0.206878 -0.297280 0.173916
v 0.232519 -0.316198 0.173916
v 0.260452 -0.330012 0.173916
v 0.290523 -0.338478 0.173916
v 0.322581 -0.341355 0.173916
v 0.350552 -0.338478 0.173916
v 0.369324 -0.330012 0.173916
v 0.380188 -0.316198 0.173916
v 0.384433 -0.297280 0.173916
v 0.383349 -0.273502 0.173916
v 0.378224 -0.245105 0.173916
v 0.370350 -0.212333 0.173916
v 0.361015 -0.175429 0.173916
v 0.351510 -0.134636 0.173916
v 0.343124 -0.090197 0.173916
v 0.337147 -0.042356 0.173916
v 0.444581 0.008645 0.173916
v 0.443632 -0.030022 0.173916
v 0.440822 -0.065947 0.173916
v 0.436206 -0.099011 0.173916
v 0.429840 -0.129095 0.173916
v 0.421780 -0.156083 0.173916
v 0.412081 -0.179855 0.173916
v 0.400799 -0.200293 0.173916
v 0.387988 -0.217280 0.173916
v 0.373706 -0.230698 0.173916
v 0.358007 -0.240429 0.173916
v 0.340946 -0.246353 0.173916
v 0.322581 -0.248355 0.173916
v 0.299600 -0.246065 0.173916
v 0.269778 -0.239342 0.173916
v 0.234801 -0.228407 0.173916
v 0.196353 -0.213479 0.173916
v 0.156119 -0.194778 0.173916
v 0.115784 -0.172523 0.173916
v 0.077032 -0.146936 0.173916
v 0.041548 -0.118234 0.173916
v 0.011017 -0.086640 0.173916
v -0.012877 -0.052371 0.173916
v -0.028448 -0.015649 0.173916
v -0.034014 0.023308 0.173916
v -0.028449 0.061687 0.173916
v -0.012877 0.096814 0.173916
v 0.011017 0.128673 0.173916
v 0.041548 0.157247 0.173916
v 0.077032 0.182520 0.173916
v 0.115784 0.204477 0.173916
v 0.156119 0.223099 0.173916
v 0.196353 0.238373 0.173916
v 0.234801 0.250280 0.173916
v 0.269778 0.258806 0.173916
v 0.299599 0.263933 0.173916
v 0.322581 0.265646 0.173916
v 0.340947 0.263644 0.173916
v 0.358007 0.257720 0.173916
v 0.373706 0.247989 0.173916
v 0.387989 0.234571 0.173916
v 0.400799 0.217584 0.173916
v 0.412082 0.197145 0.173916
v 0.421781 0.173373 0.173916
v 0.429841 0.146386 0.173916
v 0.436207 0.116302 0.173916
v 0.440822 0.083238 0.173916
v 0.443633 0.047313 0.173916
v 0.626701 -0.188558 0.173916
v 0.638679 -0.175210 0.173916
v 0.651034 -0.147622 0.173916
v 0.663651 -0.108729 0.173916
v 0.676410 -0.061468 0.173916
v 0.689196 -0.008774 0.173916
v 0.701891 0.046419 0.173916
v 0.714378 0.101174 0.173916
v 0.726538 0.152556 0.173916
v 0.738257 0.197629 0.173916
v 0.749414 0.233459 0.173916
v 0.759895 0.257110 0.173916
v 0.769581 0.265646 0.173916
v 0.787028 0.264842 0.173916
v 0.803322 0.262465 0.173916
v 0.818394 0.258567 0.173916
v 0.832174 0.253201 0.173916
v 0.844593 0.246418 0.173916
v 0.855582 0.238270 0.173916
v 0.865070 0.228810 0.173916
v 0.872989 0.218090 0.173916
v 0.879269 0.206161 0.173916
v 0.883841 0.193076 0.173916
v 0.886635 0.178887 0.173916
v 0.887581 0.163646 0.173916
v 0.886644 0.148673 0.173916
v 0.883832 0.134784 0.173916
v 0.879144 0.122021 0.173916
v 0.872582 0.110423 0.173916
v 0.864144 0.100034 0.173916
v 0.853832 0.090896 0.173916
v 0.841644 0.083048 0.173916
v 0.827582 0.076534 0.173916
v 0.811644 0.071396 0.173916
v 0.793832 0.067673 0.173916
v 0.774144 0.065409 0.173916
v 0.752581 0.064645 0.173916
v 0.752581 -0.025354 0.173916
v 0.774677 -0.025172 0.173916
v 0.792732 -0.027048 0.173916
v 0.807152 -0.030872 0.173916
v 0.818339 -0.036532 0.173916
v 0.826698 -0.043915 0.173916
v 0.832632 -0.052911 0.173916
v 0.836545 -0.063406 0.173916
v 0.838841 -0.075290 0.173916
v 0.839924 -0.088449 0.173916
v 0.840198 -0.102774 0.173916
v 0.840066 -0.118150 0.173916
v 0.839932 -0.134467 0.173916
v 0.840202 -0.150573 0.173916
v 0.840782 -0.165820 0.173916
v 0.841331 -0.180106 0.173916
v 0.841508 -0.193327 0.173916
v 0.840972 -0.205380 0.173916
v 0.839382 -0.216161 0.173916
v 0.836396 -0.225567 0.173916
v 0.831673 -0.233495 0.173916
v 0.824871 -0.239841 0.173916
v 0.815649 -0.244502 0.173916
v 0.803667 -0.247374 0.173916
v 0.788581 -0.248355 0.173916
v 0.776080 -0.248000 0.173916
v 0.763572 -0.246933 0.173916
v 0.751050 -0.245151 0.173916
v 0.738507 -0.242651 0.173916
v 0.725936 -0.239428 0.173916
v 0.713331 -0.235480 0.173916
v 0.700684 -0.230802 0.173916
v 0.687989 -0.225392 0.173916
v 0.675237 -0.219245 0.173916
v 0.662424 -0.212359 0.173916
v 0.649541 -0.204730 0.173916
v 0.636581 -0.196355 0.173916
v 0.636581 -0.302355 0.173916
v 0.648830 -0.308374 0.173916
v 0.661072 -0.313924 0.173916
v 0.673300 -0.318995 0.173916
v 0.685507 -0.323577 0.173916
v 0.697686 -0.327658 0.173916
v 0.709831 -0.331230 0.173916
v 0.721934 -0.334280 0.173916
v 0.733989 -0.336799 0.173916
v 0.745988 -0.338776 0.173916
v 0.757924 -0.340202 0.173916
v 0.769791 -0.341065 0.173916
v 0.781581 -0.341355 0.173916
v 0.812280 -0.339611 0.173916
v 0.841257 -0.334493 0.173916
v 0.868331 -0.326167 0.173916
v 0.893322 -0.314799 0.173916
v 0.916049 -0.300556 0.173916
v 0.936332 -0.283605 0.173916
v 0.953989 -0.264111 0.173916
v 0.968841 -0.242243 0.173916
v 0.980707 -0.218167 0.173916
v 0.989406 -0.192049 0.173916
v 0.994758 -0.164056 0.173916
v 0.996581 -0.134355 0.173916
v 0.995952 -0.116863 0.173916
v 0.994044 -0.099507 0.173916
v 0.990831 -0.082464 0.173916
v 0.986285 -0.065910 0.173916
v 0.980378 -0.050023 0.173916
v 0.973081 -0.034980 0.173916
v 0.964368 -0.020957 0.173916
v 0.954211 -0.008132 0.173916
v 0.942581 0.003317 0.173916
v 0.929452 0.013215 0.173916
v 0.914794 0.021383 0.173916
v 0.898581 0.027645 0.173916
v 0.913317 0.036347 0.173916
v 0.926554 0.045507 0.173916
v 0.938331 0.055208 0.173916
v 0.948693 0.065534 0.173916
v 0.957679 0.076569 0.173916
v 0.965332 0.088395 0.173916
v 0.971693 0.101097 0.173916
v 0.976804 0.114757 0.173916
v 0.980707 0.129458 0.173916
v 0.983443 0.145284 0.173916
v 0.985054 0.162319 0.173916
v 0.985581 0.180645 0.173916
v 0.983956 0.206835 0.173916
v 0.979165 0.231331 0.173916
v 0.971331 0.254020 0.173916
v 0.960581 0.274794 0.173916
v 0.947040 0.293539 0.173916
v 0.930831 0.310146 0.173916
v 0.912081 0.324502 0.173916
v 0.890914 0.336497 0.173916
v 0.867456 0.346021 0.173916
v 0.841831 0.352960 0.173916
v 0.814164 0.357206 0.173916
v 0.784581 0.358646 0.173916
v 0.772073 0.358457 0.173916
v 0.760016 0.357886 0.173916
v 0.748363 0.356927 0.173916
v 0.737063 0.355571 0.173916
v 0.726069 0.353813 0.173916
v 0.715331 0.351645 0.173916
v 0.704802 0.349061 0.173916
v 0.694433 0.346053 0.173916
v 0.684175 0.342614 0.173916
v 0.673979 0.338738 0.173916
v 0.663798 0.334417 0.173916
v 0.653581 0.329646 0.173916
v 1.389581 0.358646 0.173916
v 1.347028 0.328111 0.173916
v 1.307901 0.295622 0.173916
v 1.272253 0.261349 0.173916
v 1.240137 0.225460 0.173916
v 1.211604 0.188128 0.173916
v 1.186706 0.149520 0.173916
v 1.165496 0.109809 0.173916
v 1.148026 0.069164 0.173916
v 1.134347 0.027755 0.173916
v 1.124512 -0.014248 0.173916
v 1.118573 -0.056675 0.173916
v 1.116581 -0.099355 0.173916
v 1.118408 -0.134366 0.173916
v 1.123780 -0.167280 0.173916
v 1.132534 -0.197917 0.173916
v 1.144507 -0.226095 0.173916
v 1.159535 -0.251635 0.173916
v 1.177456 -0.274355 0.173916
v 1.198106 -0.294074 0.173916
v 1.221322 -0.310614 0.173916
v 1.246940 -0.323792 0.173916
v 1.274799 -0.333429 0.173916
v 1.304733 -0.339343 0.173916
v 1.336581 -0.341355 0.173916
v 1.363434 -0.339460 0.173916
v 1.389317 -0.333952 0.173916
v 1.413972 -0.325089 0.173916
v 1.437137 -0.313132 0.173916
v 1.458552 -0.298342 0.173916
v 1.477956 -0.280980 0.173916
v 1.495090 -0.261304 0.173916
v 1.509692 -0.239577 0.173916
v 1.521503 -0.216058 0.173916
v 1.530262 -0.191007 0.173916
v 1.535708 -0.164686 0.173916
v 1.537581 -0.137355 0.173916
v 1.535905 -0.109701 0.173916
v 1.531003 -0.083378 0.173916
v 1.523066 -0.058589 0.173916
v 1.512285 -0.035540 0.173916
v 1.498852 -0.014435 0.173916
v 1.482956 0.004521 0.173916
v 1.464790 0.021122 0.173916
v 1.444544 0.035164 0.173916
v 1.422409 0.046442 0.173916
v 1.398577 0.054752 0.173916
v 1.373237 0.059888 0.173916
v 1.346581 0.061646 0.173916
v 1.335538 0.061362 0.173916
v 1.324905 0.060544 0.173916
v 1.314675 0.059239 0.173916
v 1.304841 0.057497 0.173916
v 1.295395 0.055367 0.173916
v 1.286331 0.052896 0.173916
v 1.277643 0.050133 0.173916
v 1.269322 0.047127 0.173916
v 1.261362 0.043927 0.173916
v 1.253757 0.040581 0.173916
v 1.246499 0.037137 0.173916
v 1.239581 0.033646 0.173916
v 1.247742 0.057452 0.173916
v 1.258118 0.081261 0.173916
v 1.270550 0.104911 0.173916
v 1.284878 0.128238 0.173916
v 1.300941 0.151079 0.173916
v 1.318581 0.173270 0.173916
v 1.337638 0.194650 0.173916
v 1.357952 0.215053 0.173916
v 1.379363 0.234317 0.173916
v 1.401711 0.252280 0.173916
v 1.424837 0.268777 0.173916
v 1.448581 0.283646 0.173916
v 1.218581 -0.067354 0.173916
v 1.228937 -0.060764 0.173916
v 1.238595 -0.054966 0.173916
v 1.247691 -0.049917 0.173916
v 1.256359 -0.045577 0.173916
v 1.264736 -0.041903 0.173916
v 1.272956 -0.038854 0.173916
v 1.281156 -0.036389 0.173916
v 1.289470 -0.034466 0.173916
v 1.298034 -0.033042 0.173916
v 1.306984 -0.032077 0.173916
v 1.316455 -0.031528 0.173916
v 1.326581 -0.031354 0.173916
v 1.342459 -0.032275 0.173916
v 1.357521 -0.034966 0.173916
v 1.371659 -0.039323 0.173916
v 1.384766 -0.045243 0.173916
v 1.396735 -0.052622 0.173916
v 1.407456 -0.061354 0.173916
v 1.416824 -0.071337 0.173916
v 1.424729 -0.082466 0.173916
v 1.431066 -0.094636 0.173916
v 1.435725 -0.107743 0.173916
v 1.438599 -0.121684 0.173916
v 1.439581 -0.136355 0.173916
v 1.438678 -0.150085 0.173916
v 1.436021 -0.158321 0.173916
v 1.431691 -0.161883 0.173916
v 1.425767 -0.161591 0.173916
v 1.418328 -0.158264 0.173916
v 1.409456 -0.152722 0.173916
v 1.399230 -0.145783 0.173916
v 1.387729 -0.138269 0.173916
v 1.375034 -0.130997 0.173916
v 1.361225 -0.124789 0.173916
v 1.346380 -0.120463 0.173916
v 1.330581 -0.118839 0.173916
v 1.312966 -0.119964 0.173916
v 1.295827 -0.122803 0.173916
v 1.279472 -0.126544 0.173916
v 1.264211 -0.130380 0.173916
v 1.250353 -0.133500 0.173916
v 1.238206 -0.135096 0.173916
v 1.228081 -0.134359 0.173916
v 1.220285 -0.130480 0.173916
v 1.215128 -0.122649 0.173916
v 1.212919 -0.110057 0.173916
v 1.213967 -0.091895 0.173916
vn -0.0000 -0.0000 -1.0000
vn -0.0000 -0.0000 1.0000
vn -0.9993 -0.0380 -0.0000
vn -0.9993 -0.0382 -0.0000
vn 0.0926 -0.9957 -0.0000
vn -0.8998 -0.4362 -0.0000
vn -0.5248 -0.8512 -0.0000
vn -0.0894 -0.9960 -0.0000
vn 0.6746 0.7382 -0.0000
vn 0.1023 -0.9948 -0.0000
vn 0.9192 -0.3938 -0.0000
vn 0.2133 0.9770 -0.0000
vn 0.9822 -0.1878 -0.0000
vn -0.0115 -0.9999 -0.0000
vn -0.0137 -0.9999 -0.0000
vn -0.9980 0.0634 -0.0000
vn 0.7662 0.6425 -0.0000
vn -0.0231 0.9997 -0.0000
vn 0.4477 -0.8942 -0.0000
vn -0.9993 -0.0384 -0.0000
vn -0.9903 0.1386 -0.0000
vn -0.0158 -0.9999 -0.0000
vn 0.0170 0.9999 -0.0000
vn 0.0210 0.9998 -0.0000
vn 0.4853 -0.8743 -0.0000
vn -0.9999 -0.0134 -0.0000
vn 0.0152 -0.9999 -0.0000
vn 0.9974 -0.0716 -0.0000
vn -0.1600 0.9871 -0.0000
vn -0.6315 -0.7754 -0.0000
vn -0.0151 0.9999 -0.0000
vn 0.1072 -0.9942 -0.0000
vn 0.9994 0.0354 -0.0000
vn 0.9488 -0.3160 -0.0000
vn 0.0486 0.9988 -0.0000
vn -0.9990 -0.0447 -0.0000
vn 0.0130 0.9999 -0.0000
vn 0.5147 -0.8574 -0.0000
vn -0.9990 0.0444 -0.0000
vn -0.0473 0.9989 -0.0000
vn 0.0579 -0.9983 -0.0000
vn -0.9989 0.0466 -0.0000
vn 0.0596 0.9982 -0.0000
vn -1.0000 -0.0000 -0.0000
vn -0.0820 0.9966 -0.0000
vn 0.9997 -0.0245 -0.0000
vn 0.0172 -0.9999 -0.0000
vn -0.0894 0.9960 -0.0000
vn -0.9207 -0.3904 -0.0000
vn 0.9524 0.3049 -0.0000
vn 0.5428 0.8399 -0.0000
vn 0.1023 0.9948 -0.0000
vn 0.1517 0.9884 -0.0000
vn 0.8436 0.5370 -0.0000
vn 0.5369 -0.8437 -0.0000
vn 0.5095 0.8604 -0.0000
vn -0.1191 0.9929 -0.0000
vn 0.9933 -0.1159 -0.0000
vn -0.0579 -0.9983 -0.0000
vn 0.4111 0.9116 -0.0000
vn -0.7292 -0.6843 -0.0000
vn -0.9893 0.1459 -0.0000
vn -0.9814 0.1920 -0.0000
vn -0.2710 0.9626 -0.0000
vn -0.1579 0.9875 -0.0000
vn -0.1759 -0.9844 -0.0000
vn -0.4036 0.9149 -0.0000
vn 0.9828 -0.1848 -0.0000
vn 0.4734 0.8809 -0.0000
vn -0.1979 0.9802 -0.0000
vn 0.9970 -0.0780 -0.0000
vn -0.8153 -0.5791 -0.0000
vn -0.9531 0.3026 -0.0000
vn -0.9948 0.1020 -0.0000
vn 0.1640 -0.9865 -0.0000
vn 0.1820 0.9833 -0.0000
vn -0.8870 -0.4619 -0.0000
vn 0.2614 0.9652 -0.0000
vn 0.2254 -0.9743 -0.0000
vn -0.0000 -1.0000 -0.0000
vn 0.8970 -0.4421 -0.0000
vn -0.2384 0.9712 -0.0000
vn 0.9939 0.1106 -0.0000
vn -0.2945 -0.9556 -0.0000
vn -0.9923 -0.1240 -0.0000
vn 0.9831 0.1831 -0.0000
vn 0.4342 0.9008 -0.0000
vn -0.2786 0.9604 -0.0000
vn 0.8074 -0.5899 -0.0000
vn -0.8203 -0.5719 -0.0000
vn 0.9058 0.4237 -0.0000
vn 0.9983 -0.0576 -0.0000
vn 0.3920 0.9199 -0.0000
vn -0.3179 0.9481 -0.0000
vn 0.7860 0.6182 -0.0000
vn -0.9422 -0.3349 -0.0000
vn -0.8591 0.5118 -0.0000
vn 0.2879 -0.9577 -0.0000
vn -0.4433 0.8964 -0.0000
vn 0.9858 0.1678 -0.0000
vn -0.9986 -0.0521 -0.0000
vn 0.3762 0.9265 -0.0000
vn -0.9475 0.3199 -0.0000
vn 0.3478 -0.9376 -0.0000
vn -0.6503 0.7597 -0.0000
vn 0.3469 0.9379 -0.0000
vn -0.3553 0.9347 -0.0000
vn -0.4116 -0.9114 -0.0000
vn -0.9794 -0.2019 -0.0000
vn -0.6822 0.7312 -0.0000
vn -0.3907 0.9205 -0.0000
vn 0.9904 -0.1383 -0.0000
vn 0.3054 0.9522 -0.0000
vn -0.9852 -0.1716 -0.0000
vn 0.4017 -0.9158 -0.0000
vn 0.9982 0.0605 -0.0000
vn 0.2989 0.9543 -0.0000
vn 0.9757 0.2190 -0.0000
vn 0.4930 0.8700 -0.0000
vn -0.1956 0.9807 -0.0000
vn -0.5937 0.8047 -0.0000
vn 0.9850 0.1728 -0.0000
vn 0.2483 0.9687 -0.0000
vn -0.4234 0.9059 -0.0000
vn -0.0637 0.9980 -0.0000
vn -0.4511 0.8925 -0.0000
vn 0.2246 0.9744 -0.0000
vn -0.7933 0.6088 -0.0000
vn -0.9987 0.0518 -0.0000
vn 0.9893 -0.1460 -0.0000
vn -0.1634 0.9866 -0.0000
vn 0.8273 -0.5618 -0.0000
vn -0.4718 0.8817 -0.0000
vn 0.4270 0.9043 -0.0000
vn 0.9548 -0.2973 -0.0000
vn -0.7158 0.6983 -0.0000
vn 0.1955 0.9807 -0.0000
vn 0.2798 0.9601 -0.0000
vn -0.2331 0.9725 -0.0000
vn 0.9143 -0.4051 -0.0000
vn 0.9140 0.4058 -0.0000
vn -0.9978 -0.0668 -0.0000
vn 0.9990 -0.0456 -0.0000
vn 0.6612 -0.7502 -0.0000
vn 0.5958 0.8031 -0.0000
vn 0.1409 0.9900 -0.0000
vn -0.7191 -0.6949 -0.0000
vn 0.5434 0.8395 -0.0000
vn 0.8352 0.5500 -0.0000
vn -0.8537 0.5208 -0.0000
vn -0.2230 0.9748 -0.0000
vn 0.0850 0.9964 -0.0000
vn -0.0649 0.9979 -0.0000
vn 0.6079 0.7940 -0.0000
vn 0.9814 0.1918 -0.0000
vn -0.8094 0.5872 -0.0000
vn -0.9827 -0.1854 -0.0000
vn 0.4100 0.9121 -0.0000
vn 0.7156 0.6985 -0.0000
vn -0.2438 0.9698 -0.0000
vn 0.0284 0.9996 -0.0000
vn -0.8963 0.4435 -0.0000
vn 0.8106 0.5856 -0.0000
vn 0.9858 -0.1679 -0.0000
vn -0.2196 0.9756 -0.0000
vn -0.0460 -0.9989 -0.0000
vn 0.9841 -0.1776 -0.0000
vn 0.7412 -0.6713 -0.0000
vn 0.9783 -0.2070 -0.0000
vn -0.6078 0.7941 -0.0000
vn 0.4455 0.8953 -0.0000
vn 0.6413 -0.7673 -0.0000
vn 0.8881 0.4596 -0.0000
vn -0.1444 -0.9895 -0.0000
vn -0.9175 -0.3978 -0.0000
vn 0.6518 0.7584 -0.0000
vn 0.4970 0.8677 -0.0000
vn 0.5310 -0.8473 -0.0000
vn -0.8752 0.4838 -0.0000
vn -0.8773 0.4799 -0.0000
vn -0.1303 0.9915 -0.0000
vn -0.4410 -0.8975 -0.0000
vn -0.2504 -0.9681 -0.0000
vn 0.7971 0.6039 -0.0000
vn 0.9991 -0.0415 -0.0000
vn -0.4129 -0.9108 -0.0000
vn -0.3629 -0.9318 -0.0000
vn 0.0709 -0.9975 -0.0000
vn 0.0726 0.9974 -0.0000
vn 0.8128 0.5826 -0.0000
vn -0.0601 -0.9982 -0.0000
vn -0.9869 -0.1611 -0.0000
vn -0.3831 -0.9237 -0.0000
vn -0.6289 -0.7775 -0.0000
vn -0.9990 -0.0438 -0.0000
vn 0.9452 0.3264 -0.0000
vn -0.1828 -0.9832 -0.0000
vn -0.4793 -0.8776 -0.0000
vn -0.8286 0.5598 -0.0000
vn -0.9978 0.0656 -0.0000
vn 0.4141 -0.9103 -0.0000
vn -0.3514 -0.9362 -0.0000
vn -0.5956 -0.8033 -0.0000
vn 0.2287 -0.9735 -0.0000
vn 0.9582 -0.2862 -0.0000
vn 0.9977 -0.0684 -0.0000
vn -0.3177 -0.9482 -0.0000
vn -0.7061 -0.7081 -0.0000
vn -0.6617 0.7498 -0.0000
vn 0.0743 -0.9972 -0.0000
vn 0.9955 0.0946 -0.0000
vn -0.1084 -0.9941 -0.0000
vn 0.5469 0.8372 -0.0000
vn 0.2939 -0.9558 -0.0000
vn 0.9814 0.1920 -0.0000
vn 0.9600 0.2799 -0.0000
vn 0.5615 0.8275 -0.0000
vn -0.2822 -0.9594 -0.0000
vn -0.8043 -0.5942 -0.0000
vn -0.9739 -0.2269 -0.0000
vn -0.9985 0.0554 -0.0000
vn 0.1694 -0.9855 -0.0000
vn -0.9517 0.3070 -0.0000
vn -0.3280 -0.9447 -0.0000
vn -0.2444 -0.9697 -0.0000
vn -0.8849 -0.4658 -0.0000
vn 0.7060 0.7083 -0.0000
vn 0.9983 -0.0584 -0.0000
vn -0.8782 0.4783 -0.0000
vn 0.5298 0.8481 -0.0000
vn -0.2045 -0.9789 -0.0000
vn -0.5510 -0.8345 -0.0000
vn -0.9941 -0.1081 -0.0000
vn 0.9981 0.0619 -0.0000
vn -0.5268 -0.8500 -0.0000
vn 0.4083 0.9129 -0.0000
vn -0.9440 -0.3299 -0.0000
vn -0.7459 0.6660 -0.0000
vn -0.6353 0.7723 -0.0000
vn 0.1739 -0.9848 -0.0000
vn 0.9716 0.2367 -0.0000
vn -0.1626 -0.9867 -0.0000
vn -0.8230 -0.5680 -0.0000
vn -0.9852 0.1713 -0.0000
vn 0.9723 -0.2336 -0.0000
vn 0.9678 -0.2516 -0.0000
vn -0.8074 0.5899 -0.0000
vn 0.0492 0.9988 -0.0000
vn -0.1186 -0.9929 -0.0000
vn -0.9812 -0.1932 -0.0000
vn 0.9677 -0.2521 -0.0000
vn 0.9253 0.3793 -0.0000
vn -0.3058 -0.9521 -0.0000
vn -0.9565 0.2916 -0.0000
vn 0.9793 -0.2026 -0.0000
vn 0.0567 -0.9984 -0.0000
vn 0.9996 -0.0287 -0.0000
vn 0.9259 -0.3778 -0.0000
vn -0.9615 -0.2747 -0.0000
vn -0.0725 -0.9974 -0.0000
vn -0.9981 -0.0619 -0.0000
vn 0.2368 -0.9716 -0.0000
vn -0.0246 -0.9997 -0.0000
vn 0.9911 -0.1329 -0.0000
vn -0.5830 0.8125 -0.0000
vn -0.9980 0.0625 -0.0000
vn -0.9106 0.4134 -0.0000
vn 0.3938 -0.9192 -0.0000
vn 0.9440 -0.3301 -0.0000
vn 0.8898 0.4563 -0.0000
vn -0.9204 -0.3911 -0.0000
vn 0.7860 0.6183 -0.0000
vn 0.7494 0.6621 -0.0000
vn -0.6388 0.7694 -0.0000
vn 0.9956 -0.0942 -0.0000
vn 0.6024 0.7982 -0.0000
vn 0.8562 0.5167 -0.0000
vn -0.4831 -0.8756 -0.0000
vn -0.9876 -0.1572 -0.0000
vn 0.2958 -0.9552 -0.0000
vn 0.8936 -0.4488 -0.0000
vn -0.6931 0.7209 -0.0000
vn 0.9741 -0.2263 -0.0000
vn 0.9731 -0.2303 -0.0000
vn -0.4264 -0.9045 -0.0000
vn -0.8619 -0.5071 -0.0000
vn -0.9801 0.1984 -0.0000
vn -0.9269 -0.3754 -0.0000
vn -0.8462 0.5329 -0.0000
vn 0.5307 -0.8475 -0.0000
vn -0.9695 -0.2452 -0.0000
vn -0.9709 -0.2394 -0.0000
vn 0.6847 0.7288 -0.0000
vn 0.8300 -0.5578 -0.0000
vn 0.9854 -0.1703 -0.0000
vn 0.7653 0.6436 -0.0000
vn -0.7852 -0.6193 -0.0000
vn 0.5807 -0.8141 -0.0000
vn -0.9387 0.3448 -0.0000
vn -0.6501 0.7599 -0.0000
vn -0.7638 0.6455 -0.0000
vn 0.5460 -0.8378 -0.0000
vn -0.7452 0.6669 -0.0000
vn 0.3549 -0.9349 -0.0000
vn 0.7541 -0.6567 -0.0000
vn 0.9665 -0.2566 -0.0000
vn 0.8755 -0.4833 -0.0000
vn 0.9831 -0.1829 -0.0000
vn -0.5416 -0.8406 -0.0000
vn -0.6906 -0.7232 -0.0000
vn 0.6265 -0.7794 -0.0000
vn -0.8703 0.4924 -0.0000
vn -0.7213 -0.6926 -0.0000
vn 0.6552 0.7555 -0.0000
vn 0.6688 -0.7434 -0.0000
vn -0.6077 0.7941 -0.0000
vn -0.6649 0.7470 -0.0000
vn 0.7984 0.6021 -0.0000
vn 0.6668 -0.7452 -0.0000
vn -0.7945 0.6072 -0.0000
vn 0.9366 -0.3504 -0.0000
vn -0.5802 -0.8144 -0.0000
vn -0.7762 0.6305 -0.0000
vn 0.6691 -0.7432 -0.0000
vn 0.5028 0.8644 -0.0000
vn 0.5287 0.8488 -0.0000
vn -0.8777 0.4793 -0.0000
vn 0.7087 -0.7056 -0.0000
vn -0.5526 0.8335 -0.0000
vn 0.5683 -0.8228 -0.0000
vn 0.9748 -0.2233 -0.0000
vn 0.4215 0.9068 -0.0000
vn -0.9269 0.3754 -0.0000
vn -0.4574 -0.8892 -0.0000
vn 0.7465 -0.6654 -0.0000
vn -0.5434 0.8395 -0.0000
vn -0.4314 0.9022 -0.0000
vn -0.8404 0.5420 -0.0000
vn 0.8941 -0.4478 -0.0000
vn -0.9695 0.2452 -0.0000
vn -0.6632 0.7484 -0.0000
vn 0.4587 -0.8886 -0.0000
vn 0.7984 -0.6021 -0.0000
vn 0.3888 0.9213 -0.0000
vn -0.4192 0.9079 -0.0000
vn -0.3269 -0.9451 -0.0000
vn 0.7828 -0.6223 -0.0000
vn -0.5414 0.8408 -0.0000
vn -0.3058 0.9521 -0.0000
vn 0.9170 -0.3988 -0.0000
vn 0.8180 -0.5752 -0.0000
vn -0.8782 -0.4783 -0.0000
vn -0.9796 -0.2010 -0.0000
vn 0.8337 0.5522 -0.0000
vn 0.3383 -0.9410 -0.0000
vn -0.8821 0.4711 -0.0000
vn 0.8395 -0.5433 -0.0000
vn -0.1938 -0.9810 -0.0000
vn -0.4203 0.9074 -0.0000
vn -0.9723 -0.2336 -0.0000
vn 0.8755 0.4833 -0.0000
vn 0.2384 0.9712 -0.0000
vn -0.6489 -0.7609 -0.0000
vn 0.8521 -0.5234 -0.0000
vn -0.1802 0.9836 -0.0000
vn 0.2081 -0.9781 -0.0000
vn -0.9187 0.3949 -0.0000
vn 0.7754 -0.6314 -0.0000
vn 0.4044 0.9146 -0.0000
vn -0.0630 -0.9980 -0.0000
vn -0.3068 0.9518 -0.0000
vn 0.7579 -0.6524 -0.0000
vn 0.0704 -0.9975 -0.0000
vn 0.3619 0.9322 -0.0000
vn 0.0805 0.9968 -0.0000
vn -0.4930 0.8700 -0.0000
vn 0.8852 -0.4653 -0.0000
vn -0.2046 0.9788 -0.0000
vn -0.4283 0.9036 -0.0000
vn -0.0584 0.9983 -0.0000
vn 0.9167 -0.3995 -0.0000
vn -0.1142 0.9935 -0.0000
vn -0.6847 0.7288 -0.0000
vn 0.9259 0.3778 -0.0000
vn -0.9495 0.3137 -0.0000
vn -0.7452 -0.6668 -0.0000
vn 0.9746 -0.2241 -0.0000
vn -0.0257 0.9997 -0.0000
vn 0.7059 -0.7083 -0.0000
vn -0.9696 -0.2448 -0.0000
vn -0.0354 0.9994 -0.0000
vn -0.6198 -0.7848 -0.0000
vn 0.9600 -0.2798 -0.0000
vn 0.0658 0.9978 -0.0000
vn -0.9739 0.2269 -0.0000
vn -0.0767 0.9971 -0.0000
vn 0.9648 -0.2632 -0.0000
vn 0.2984 0.9544 -0.0000
vn -0.9562 -0.2929 -0.0000
vn -0.1265 0.9920 -0.0000
vn 0.8167 -0.5771 -0.0000
vn 0.6358 -0.7719 -0.0000
vn 0.3029 0.9530 -0.0000
vn -0.5268 0.8500 -0.0000
vn 0.9524 -0.3048 -0.0000
vn 0.9024 0.4309 -0.0000
vn 0.1986 0.9801 -0.0000
vn 0.9732 -0.2300 -0.0000
vn -0.9369 -0.3496 -0.0000
vn -0.5801 0.8145 -0.0000
vn -0.1744 0.9847 -0.0000
vn -0.3076 0.9515 -0.0000
vn 0.5690 -0.8223 -0.0000
vn -0.2200 0.9755 -0.0000
vn 0.9355 -0.3534 -0.0000
vn 0.9582 0.2862 -0.0000
vn -0.7945 0.6073 -0.0000
vn 0.5085 -0.8611 -0.0000
vn -0.9070 -0.4211 -0.0000
vn -0.8758 0.4826 -0.0000
vn 0.9078 -0.4195 -0.0000
vn 0.9460 -0.3243 -0.0000
vn 0.3603 0.9328 -0.0000
vn 0.2199 0.9755 -0.0000
vn -0.8285 -0.5601 -0.0000
vn -0.0000 1.0000 -0.0000
vn -0.2630 0.9648 -0.0000
vn -0.3280 0.9447 -0.0000
vn 0.9100 -0.4145 -0.0000
vn -0.7360 0.6770 -0.0000
vn 0.4868 0.8735 -0.0000
vn -0.8567 -0.5159 -0.0000
vn 0.8527 -0.5224 -0.0000
vn 0.3292 0.9442 -0.0000
vn 0.6020 0.7985 -0.0000
vn 0.1932 0.9812 -0.0000
vn -0.6833 0.7301 -0.0000
vn -0.3031 0.9530 -0.0000
vn -0.1841 0.9829 -0.0000
vn 0.8679 -0.4968 -0.0000
vn 0.6550 -0.7556 -0.0000
vn 0.7015 0.7126 -0.0000
vn -0.7638 -0.6454 -0.0000
vn -0.3398 0.9405 -0.0000
vn 0.9814 -0.1918 -0.0000
vn 0.7372 -0.6757 -0.0000
vn 0.7839 0.6208 -0.0000
vn -0.9827 0.1854 -0.0000
vn -0.3730 0.9278 -0.0000
vn 1.0000 -0.0000 -0.0000
vn 0.7893 -0.6139 -0.0000
vn 0.8586 -0.5126 -0.0000
vn 0.9718 -0.2358 -0.0000
vn -0.8094 -0.5872 -0.0000
vn -0.5797 -0.8148 -0.0000
vn 0.0082 -1.0000 -0.0000
vn 0.9783 0.2070 -0.0000
vn 0.9866 -0.1629 -0.0000
vn 0.4540 0.8910 -0.0000
vn -0.4027 0.9153 -0.0000
vn 0.9841 0.1776 -0.0000
vn 0.6244 -0.7811 -0.0000
vn 0.9538 0.3005 -0.0000
vn 0.9261 0.3774 -0.0000
vn 0.8494 0.5278 -0.0000
vn -0.2307 -0.9730 -0.0000
vn -0.8964 -0.4432 -0.0000
vn -0.4287 0.9035 -0.0000
vn -0.1033 -0.9946 -0.0000
vn 0.0992 0.9951 -0.0000
vn 0.2660 -0.9640 -0.0000
vn 0.6666 0.7455 -0.0000
vn -0.1084 0.9941 -0.0000
vn -0.4505 0.8928 -0.0000
vn -0.2563 -0.9666 -0.0000
vn 0.8724 -0.4887 -0.0000
vn 0.4726 0.8813 -0.0000
vn -0.8000 0.6000 -0.0000
vn -0.4515 -0.8923 -0.0000
vn 0.3868 0.9221 -0.0000
vn 0.5699 0.8217 -0.0000
vn 0.0691 0.9976 -0.0000
vn -0.0607 0.9982 -0.0000
vn 0.9904 0.1382 -0.0000
vn -0.9737 0.2280 -0.0000
vn 0.8997 0.4364 -0.0000
vn -0.9477 -0.3192 -0.0000
vn -0.6620 -0.7495 -0.0000
vn -0.8348 -0.5506 -0.0000
vn 0.8125 -0.5830 -0.0000
vn 0.9939 -0.1106 -0.0000
vn -0.5191 -0.8547 -0.0000
vn -0.9923 0.1240 -0.0000
vn 0.7662 0.6426 -0.0000
vn 0.9260 0.3774 -0.0000
vn 0.9373 0.3485 -0.0000
vn -0.7158 -0.6983 -0.0000
vn -0.9370 -0.3494 -0.0000
vn 0.8791 -0.4767 -0.0000
vn 0.8801 -0.4748 -0.0000
vn 0.4178 -0.9085 -0.0000
vn 0.9990 0.0455 -0.0000
vn 0.9864 0.1643 -0.0000
vn 0.9654 -0.2606 -0.0000
vn -0.4172 -0.9088 -0.0000
vn -0.8684 0.4959 -0.0000
vn -0.9818 -0.1897 -0.0000
vn -0.9142 0.4053 -0.0000
vn 0.5750 -0.8181 -0.0000
vn 0.6376 -0.7704 -0.0000
vn -0.0217 -0.9998 -0.0000
vn 0.9643 0.2648 -0.0000
vn -0.5937 -0.8047 -0.0000
vn 0.9373 0.3484 -0.0000
vn -0.9966 -0.0820 -0.0000
vn 0.9970 0.0780 -0.0000
vn -0.6967 -0.7174 -0.0000
vn -0.9815 -0.1913 -0.0000
vn 0.8436 0.5369 -0.0000
vn 0.9757 -0.2190 -0.0000
vn 0.9827 0.1853 -0.0000
vn -0.3106 -0.9505 -0.0000
vn 0.9879 -0.1548 -0.0000
vn -0.9998 -0.0191 -0.0000
vn 0.8781 -0.4785 -0.0000
vn -0.9897 0.1435 -0.0000
vn 0.8016 -0.5978 -0.0000
vn 0.4219 -0.9066 -0.0000
vn 0.9940 0.1093 -0.0000
vn -0.4433 -0.8964 -0.0000
vn 0.9491 0.3149 -0.0000
vn -1.0000 0.0086 -0.0000
vn -1.0000 0.0084 -0.0000
vn 0.9994 -0.0354 -0.0000
vn -0.9990 0.0446 -0.0000
vn 0.8159 0.5782 -0.0000
vn 0.2253 -0.9743 -0.0000
vn 0.7860 -0.6182 -0.0000
vn 0.9512 -0.3086 -0.0000
vn -0.1957 -0.9807 -0.0000
vn 0.7195 0.6945 -0.0000
vn 0.9997 0.0255 -0.0000
vn 0.9994 0.0359 -0.0000
vn 0.6743 0.7384 -0.0000
vn 0.6744 0.7384 -0.0000
vn -1.0000 0.0082 -0.0000
vn 0.2283 -0.9736 -0.0000
vn 0.9997 0.0245 -0.0000
vn -0.2710 -0.9626 -0.0000
vn -0.9980 -0.0630 -0.0000
vn 0.9981 -0.0613 -0.0000
vn -0.9999 -0.0168 -0.0000
vn 0.4111 -0.9116 -0.0000
vn 0.8673 -0.4977 -0.0000
vn -0.0686 -0.9976 -0.0000
vn -0.9899 -0.1414 -0.0000
vn 0.7443 -0.6679 -0.0000
vn 0.9127 -0.4087 -0.0000
vn -0.9247 0.3807 -0.0000
vn 0.4016 -0.9158 -0.0000
vt -0.142470 0.424571
vt -0.142470 0.594434
vt -0.118062 0.516726
vt -0.082152 0.594434
vt -0.046580 0.594434
vt -0.016194 0.594434
vt -0.032900 0.579953
vt -0.043570 0.568312
vt -0.049066 0.559106
vt -0.050252 0.551929
vt -0.047988 0.546374
vt -0.043138 0.542037
vt -0.036563 0.538512
vt -0.029126 0.535392
vt -0.021689 0.532272
vt -0.015114 0.528747
vt -0.010264 0.524409
vt -0.008000 0.518855
vt -0.026474 0.510359
vt -0.118062 0.508506
vt -0.038247 0.502084
vt -0.086413 0.423354
vt -0.031636 0.424571
vt -0.045517 0.486075
vt -0.044275 0.494000
vt -0.042930 0.478276
vt -0.037470 0.470572
vt -0.030096 0.462932
vt -0.021765 0.455323
vt -0.013433 0.447714
vt -0.006059 0.440074
vt -0.000600 0.432370
vt 0.001988 0.424571
vt 0.217928 0.572516
vt 0.188713 0.632779
vt 0.364379 0.594434
vt 0.075184 0.596864
vt 0.082711 0.597038
vt 0.092339 0.596836
vt 0.069219 0.595897
vt 0.104603 0.596676
vt 0.118213 0.595864
vt 0.422397 0.595959
vt 0.430381 0.596676
vt 0.437348 0.595959
vt 0.442023 0.593851
vt 0.414907 0.593851
vt 0.064283 0.593720
vt 0.130975 0.593502
vt 0.319298 0.572516
vt 0.256284 0.446489
vt 0.444729 0.590410
vt 0.407950 0.590410
vt 0.059837 0.589914
vt 0.142816 0.589704
vt 0.445786 0.585698
vt 0.401563 0.585698
vt 0.055346 0.584062
vt 0.153664 0.584582
vt 0.395786 0.579776
vt 0.445516 0.579776
vt 0.163446 0.578249
vt 0.050274 0.575747
vt 0.390655 0.572703
vt 0.430381 0.573513
vt 0.444240 0.572703
vt 0.104603 0.574260
vt 0.172091 0.570819
vt 0.044084 0.564551
vt 0.095735 0.573629
vt 0.113912 0.573699
vt 0.122742 0.572057
vt 0.087964 0.571804
vt 0.424657 0.573086
vt 0.434956 0.573014
vt 0.417230 0.571809
vt 0.439205 0.571539
vt 0.386210 0.564541
vt 0.443115 0.569115
vt 0.442279 0.564541
vt 0.211203 0.424571
vt 0.131031 0.569395
vt 0.408518 0.569686
vt 0.081143 0.568882
vt 0.179525 0.562403
vt 0.398942 0.566720
vt 0.138716 0.565773
vt 0.446672 0.565773
vt 0.075129 0.564962
vt 0.388921 0.562916
vt 0.145733 0.561252
vt 0.449863 0.561542
vt 0.069775 0.560142
vt 0.036240 0.550057
vt 0.382487 0.555349
vt 0.439954 0.555349
vt 0.378875 0.558278
vt 0.185677 0.553116
vt 0.452673 0.556452
vt 0.152019 0.555891
vt 0.064937 0.554522
vt 0.369223 0.552809
vt 0.455088 0.550531
vt 0.157511 0.549753
vt 0.379525 0.545189
vt 0.437586 0.545189
vt 0.060469 0.548199
vt 0.190474 0.543069
vt 0.360385 0.546514
vt 0.457096 0.543809
vt 0.026206 0.531847
vt 0.162146 0.542896
vt 0.056226 0.541273
vt 0.352781 0.539398
vt 0.377363 0.534121
vt 0.435498 0.534121
vt 0.458681 0.536316
vt 0.193843 0.532376
vt 0.165862 0.535382
vt 0.052063 0.533842
vt 0.346830 0.531463
vt 0.459831 0.528081
vt 0.168593 0.527272
vt 0.376037 0.522205
vt 0.434009 0.522205
vt 0.047835 0.526004
vt 0.195713 0.521150
vt 0.013445 0.509503
vt 0.342952 0.522714
vt 0.460531 0.519134
vt 0.170279 0.518625
vt 0.043395 0.517858
vt 0.341566 0.513155
vt 0.375587 0.509503
vt 0.433441 0.509503
vt 0.196010 0.509503
vt 0.460767 0.509503
vt 0.170855 0.509503
vt 0.038601 0.509503
vt 0.342952 0.503452
vt 0.009295 0.499424
vt 0.035186 0.501531
vt 0.170279 0.500433
vt 0.194406 0.487165
vt 0.376037 0.496800
vt 0.434009 0.496800
vt 0.460531 0.499872
vt 0.346830 0.494306
vt 0.034265 0.493636
vt 0.168593 0.491820
vt 0.459831 0.490924
vt 0.008249 0.489222
vt 0.377363 0.484884
vt 0.435498 0.484884
vt 0.352781 0.485770
vt 0.035576 0.485935
vt 0.165862 0.483728
vt 0.458681 0.482689
vt 0.010014 0.479086
vt 0.317268 0.486098
vt 0.326183 0.487877
vt 0.335301 0.485775
vt 0.191719 0.468958
vt 0.308506 0.481410
vt 0.038857 0.478545
vt 0.344672 0.478823
vt 0.360386 0.477901
vt 0.379525 0.473816
vt 0.437586 0.473816
vt 0.162146 0.476220
vt 0.457096 0.475196
vt 0.299844 0.474781
vt 0.014298 0.469208
vt 0.354348 0.466051
vt 0.043846 0.471584
vt 0.369223 0.470753
vt 0.157511 0.469359
vt 0.455088 0.468475
vt 0.291234 0.467183
vt 0.382487 0.463656
vt 0.439954 0.463656
vt 0.050281 0.465169
vt 0.378875 0.464380
vt 0.152019 0.463208
vt 0.020806 0.459778
vt 0.187943 0.454466
vt 0.452673 0.462554
vt 0.282623 0.459584
vt 0.364379 0.446489
vt 0.057902 0.459419
vt 0.388921 0.458837
vt 0.386210 0.454465
vt 0.442279 0.454465
vt 0.145733 0.457829
vt 0.449863 0.457463
vt 0.029248 0.450986
vt 0.273962 0.452956
vt 0.066444 0.454450
vt 0.398942 0.454179
vt 0.138716 0.453288
vt 0.446672 0.453232
vt 0.183075 0.443271
vt 0.390655 0.446302
vt 0.444240 0.446302
vt 0.075647 0.450381
vt 0.408518 0.450461
vt 0.131031 0.449645
vt 0.443115 0.449890
vt 0.265199 0.448267
vt 0.039331 0.443025
vt 0.417230 0.447737
vt 0.085250 0.447329
vt 0.439205 0.447467
vt 0.122742 0.446965
vt 0.424657 0.446063
vt 0.434955 0.445991
vt 0.094989 0.445411
vt 0.113912 0.445311
vt 0.364379 0.424571
vt 0.395786 0.439230
vt 0.445516 0.439230
vt 0.430381 0.445493
vt 0.104603 0.444746
vt 0.177107 0.434955
vt 0.050761 0.436083
vt 0.401563 0.433307
vt 0.445786 0.433307
vt 0.063246 0.430352
vt 0.170035 0.429102
vt 0.407950 0.428595
vt 0.444729 0.428595
vt 0.076493 0.426022
vt 0.161853 0.425294
vt 0.414907 0.425155
vt 0.442023 0.425155
vt 0.090210 0.423285
vt 0.152556 0.423114
vt 0.422397 0.423046
vt 0.437348 0.423046
vt 0.104105 0.422330
vt 0.142138 0.422145
vt 0.430381 0.422330
vt 0.117918 0.422170
vt 0.130594 0.421969
vt 0.542334 0.596629
vt 0.545450 0.596676
vt 0.552818 0.596317
vt 0.539331 0.596487
vt 0.536429 0.596248
vt 0.559709 0.595260
vt 0.533615 0.595910
vt 0.530876 0.595472
vt 0.528202 0.594932
vt 0.566091 0.593531
vt 0.525580 0.594289
vt 0.522997 0.593539
vt 0.520442 0.592683
vt 0.571934 0.591160
vt 0.517903 0.591718
vt 0.515367 0.590641
vt 0.577206 0.588172
vt 0.512822 0.589453
vt 0.506127 0.460386
vt 0.533912 0.556572
vt 0.536691 0.565496
vt 0.539301 0.571387
vt 0.541714 0.573513
vt 0.581876 0.584596
vt 0.585913 0.580460
vt 0.589285 0.575791
vt 0.546059 0.573313
vt 0.591963 0.570617
vt 0.550117 0.572721
vt 0.553871 0.571750
vt 0.557304 0.570413
vt 0.593914 0.564966
vt 0.560397 0.568724
vt 0.563134 0.566694
vt 0.565497 0.564338
vt 0.595107 0.558865
vt 0.567469 0.561668
vt 0.569033 0.558697
vt 0.595512 0.552342
vt 0.570172 0.555438
vt 0.530993 0.545346
vt 0.570868 0.551904
vt 0.595381 0.547778
vt 0.571104 0.548108
vt 0.570870 0.544379
vt 0.594979 0.543535
vt 0.527964 0.532548
vt 0.570170 0.540920
vt 0.594298 0.539593
vt 0.569002 0.537741
vt 0.593326 0.535931
vt 0.567368 0.534852
vt 0.592053 0.532529
vt 0.565266 0.532265
vt 0.524854 0.518911
vt 0.590469 0.529366
vt 0.562698 0.529988
vt 0.559662 0.528034
vt 0.588562 0.526420
vt 0.556160 0.526412
vt 0.586324 0.523672
vt 0.552190 0.525132
vt 0.547754 0.524205
vt 0.542850 0.523641
vt 0.583744 0.521100
vt 0.537480 0.523450
vt 0.537480 0.501034
vt 0.580810 0.518684
vt 0.521693 0.505164
vt 0.577514 0.516402
vt 0.573843 0.514235
vt 0.577881 0.512675
vt 0.581532 0.510641
vt 0.584802 0.508176
vt 0.587699 0.505324
vt 0.590229 0.502130
vt 0.518508 0.492040
vt 0.542983 0.501080
vt 0.592399 0.498637
vt 0.547480 0.500613
vt 0.551071 0.499660
vt 0.553858 0.498251
vt 0.594216 0.494890
vt 0.555940 0.496412
vt 0.557418 0.494171
vt 0.595687 0.490934
vt 0.558392 0.491557
vt 0.515330 0.480269
vt 0.558964 0.488597
vt 0.596820 0.486811
vt 0.559234 0.485320
vt 0.597620 0.482566
vt 0.559302 0.481752
vt 0.598095 0.478243
vt 0.559269 0.477922
vt 0.512188 0.470582
vt 0.598252 0.473886
vt 0.559236 0.473858
vt 0.597798 0.466489
vt 0.559303 0.469847
vt 0.509110 0.463711
vt 0.559447 0.466049
vt 0.596465 0.459517
vt 0.559584 0.462491
vt 0.559628 0.459198
vt 0.594298 0.453011
vt 0.559495 0.456196
vt 0.508588 0.432043
vt 0.508588 0.458444
vt 0.511816 0.456358
vt 0.515025 0.454458
vt 0.559099 0.453511
vt 0.518216 0.452743
vt 0.558355 0.451168
vt 0.591343 0.447015
vt 0.521392 0.451212
vt 0.524554 0.449865
vt 0.557179 0.449194
vt 0.527704 0.448700
vt 0.555485 0.447613
vt 0.530843 0.447716
vt 0.533974 0.446913
vt 0.553188 0.446452
vt 0.587644 0.441568
vt 0.537098 0.446291
vt 0.550203 0.445737
vt 0.540217 0.445847
vt 0.543332 0.445581
vt 0.546446 0.445493
vt 0.583246 0.436713
vt 0.578194 0.432491
vt 0.572533 0.428944
vt 0.511639 0.430544
vt 0.514688 0.429162
vt 0.517733 0.427899
vt 0.566309 0.426112
vt 0.520774 0.426757
vt 0.523807 0.425741
vt 0.559566 0.424039
vt 0.526832 0.424851
vt 0.529847 0.424092
vt 0.532849 0.423464
vt 0.552349 0.422764
vt 0.535837 0.422972
vt 0.538810 0.422617
vt 0.544703 0.422330
vt 0.541766 0.422402
vt 0.685536 0.589071
vt 0.696135 0.596676
vt 0.710830 0.577996
vt 0.675791 0.580979
vt 0.666912 0.572443
vt 0.704916 0.574293
vt 0.699156 0.570184
vt 0.658913 0.563504
vt 0.693590 0.565710
vt 0.688257 0.560912
vt 0.651807 0.554206
vt 0.683197 0.555830
vt 0.678451 0.550505
vt 0.645605 0.544590
vt 0.674057 0.544978
vt 0.670057 0.539289
vt 0.640323 0.534699
vt 0.666488 0.533479
vt 0.635971 0.524576
vt 0.663392 0.527589
vt 0.660807 0.521659
vt 0.632564 0.514262
vt 0.682674 0.522633
vt 0.685425 0.522703
vt 0.692064 0.522265
vt 0.680026 0.522429
vt 0.677478 0.522104
vt 0.698375 0.520986
vt 0.675029 0.521670
vt 0.672676 0.521139
vt 0.658775 0.515729
vt 0.670419 0.520524
vt 0.704311 0.518917
vt 0.668255 0.519836
vt 0.666182 0.519087
vt 0.664200 0.518290
vt 0.709824 0.516108
vt 0.662305 0.517457
vt 0.660498 0.516599
vt 0.714867 0.512610
vt 0.630115 0.503801
vt 0.719391 0.508475
vt 0.723350 0.503754
vt 0.628636 0.493234
vt 0.673334 0.499120
vt 0.675563 0.499360
vt 0.677921 0.499497
vt 0.680444 0.499540
vt 0.726696 0.498498
vt 0.684398 0.499311
vt 0.688150 0.498641
vt 0.671200 0.498765
vt 0.669130 0.498286
vt 0.691671 0.497555
vt 0.729381 0.492757
vt 0.667087 0.497672
vt 0.665040 0.496913
vt 0.694935 0.496081
vt 0.662954 0.495998
vt 0.697916 0.494243
vt 0.660795 0.494917
vt 0.658529 0.493659
vt 0.700587 0.492068
vt 0.656124 0.492215
vt 0.628140 0.482604
vt 0.731358 0.486583
vt 0.653544 0.490574
vt 0.702920 0.489582
vt 0.652395 0.484461
vt 0.704889 0.486810
vt 0.706467 0.483779
vt 0.732579 0.480027
vt 0.652134 0.479938
vt 0.707627 0.480514
vt 0.628595 0.473883
vt 0.708343 0.477042
vt 0.732997 0.473139
vt 0.652684 0.476802
vt 0.677052 0.477470
vt 0.681440 0.477751
vt 0.685375 0.477346
vt 0.672784 0.476763
vt 0.689072 0.476269
vt 0.708588 0.473388
vt 0.653969 0.474851
vt 0.668710 0.475832
vt 0.692512 0.474722
vt 0.664909 0.474876
vt 0.661458 0.474099
vt 0.655910 0.473885
vt 0.695673 0.472911
vt 0.658432 0.473702
vt 0.629933 0.465686
vt 0.708363 0.469968
vt 0.732530 0.466332
vt 0.698538 0.471040
vt 0.701085 0.469312
vt 0.707701 0.467917
vt 0.703295 0.467931
vt 0.705147 0.467103
vt 0.706623 0.467030
vt 0.731174 0.459776
vt 0.632113 0.458055
vt 0.728992 0.453537
vt 0.635095 0.451037
vt 0.726050 0.447679
vt 0.638838 0.444676
vt 0.722413 0.442267
vt 0.643302 0.439017
vt 0.718146 0.437367
vt 0.648445 0.434106
vt 0.713313 0.433043
vt 0.654227 0.429986
vt 0.707979 0.429359
vt 0.660608 0.426704
vt 0.702210 0.426381
vt 0.667546 0.424304
vt 0.696069 0.424173
vt 0.675002 0.422831
vt 0.689622 0.422801
vt 0.682934 0.422330
vt 0.810069 0.589071
vt 0.820668 0.596676
vt 0.835363 0.577996
vt 0.800324 0.580979
vt 0.791445 0.572443
vt 0.829449 0.574293
vt 0.823689 0.570184
vt 0.783446 0.563504
vt 0.818123 0.565710
vt 0.812790 0.560912
vt 0.776340 0.554206
vt 0.807730 0.555830
vt 0.802984 0.550505
vt 0.770138 0.544590
vt 0.798590 0.544978
vt 0.794590 0.539289
vt 0.764856 0.534699
vt 0.791021 0.533479
vt 0.760504 0.524576
vt 0.787925 0.527589
vt 0.785340 0.521659
vt 0.757097 0.514262
vt 0.807207 0.522633
vt 0.809958 0.522703
vt 0.816597 0.522265
vt 0.804559 0.522429
vt 0.802011 0.522104
vt 0.822908 0.520986
vt 0.799562 0.521670
vt 0.797209 0.521139
vt 0.783308 0.515729
vt 0.794952 0.520524
vt 0.828844 0.518917
vt 0.792788 0.519836
vt 0.790715 0.519087
vt 0.788733 0.518290
vt 0.834357 0.516108
vt 0.786839 0.517457
vt 0.785031 0.516599
vt 0.839400 0.512610
vt 0.754648 0.503801
vt 0.843924 0.508475
vt 0.847883 0.503754
vt 0.753169 0.493234
vt 0.797866 0.499120
vt 0.800096 0.499360
vt 0.802454 0.499497
vt 0.804977 0.499540
vt 0.851229 0.498498
vt 0.808931 0.499311
vt 0.812683 0.498641
vt 0.795733 0.498765
vt 0.793663 0.498286
vt 0.816204 0.497555
vt 0.853914 0.492757
vt 0.791620 0.497672
vt 0.789573 0.496913
vt 0.819468 0.496081
vt 0.787487 0.495998
vt 0.822449 0.494243
vt 0.785328 0.494917
vt 0.783062 0.493659
vt 0.825120 0.492068
vt 0.780657 0.492215
vt 0.752673 0.482604
vt 0.855891 0.486583
vt 0.778077 0.490574
vt 0.827453 0.489582
vt 0.776928 0.483827
vt 0.829422 0.486810
vt 0.831000 0.483779
vt 0.857112 0.480027
vt 0.776667 0.477549
vt 0.832160 0.480514
vt 0.753116 0.472506
vt 0.832876 0.477042
vt 0.857530 0.473139
vt 0.777217 0.471761
vt 0.833121 0.473388
vt 0.832896 0.469334
vt 0.857051 0.464955
vt 0.754421 0.460501
vt 0.778502 0.466488
vt 0.832234 0.465528
vt 0.780443 0.461751
vt 0.831156 0.461990
vt 0.855661 0.454591
vt 0.829680 0.458739
vt 0.782965 0.457572
vt 0.756551 0.447119
vt 0.827828 0.455797
vt 0.785991 0.453975
vt 0.825618 0.453183
vt 0.853430 0.442600
vt 0.789442 0.450981
vt 0.823071 0.450916
vt 0.793243 0.448614
vt 0.820206 0.449017
vt 0.817045 0.447505
vt 0.797317 0.446895
vt 0.813605 0.446400
vt 0.759470 0.432890
vt 0.801585 0.445847
vt 0.809908 0.445723
vt 0.805973 0.445493
vt 0.850426 0.429532
vt 0.763142 0.418347
vt 0.846717 0.415939
vt 0.767530 0.404020
vt 0.842375 0.402370
vt 0.772598 0.390440
vt 0.837466 0.389377
vt 0.778309 0.378139
vt 0.832061 0.377512
vt 0.784627 0.367647
vt 0.826229 0.367324
vt 0.791516 0.359495
vt 0.820038 0.359364
vt 0.798938 0.354214
vt 0.813559 0.354185
vt 0.806859 0.352336
vt 0.469847 0.478341
vt 0.466049 0.478341
vt 0.466049 0.521658
vt 0.469847 0.521658
vt 0.142138 0.478341
vt 0.152556 0.478341
vt 0.152556 0.521658
vt 0.142138 0.521658
vt 0.632779 0.478341
vt 0.572516 0.478341
vt 0.572516 0.521658
vt 0.632779 0.521658
vt 0.694935 0.478341
vt 0.697916 0.478341
vt 0.697916 0.521658
vt 0.694935 0.521658
vt 0.422397 0.478341
vt 0.430381 0.478341
vt 0.430381 0.521658
vt 0.422397 0.521658
vt 0.843924 0.478341
vt 0.839400 0.478341
vt 0.839400 0.521658
vt 0.843924 0.521658
vt 0.437348 0.478341
vt 0.437348 0.521658
vt 0.501531 0.478341
vt 0.509503 0.478341
vt 0.509503 0.521658
vt 0.501531 0.521658
vt 0.364379 0.478341
vt 0.188713 0.478341
vt 0.188713 0.521658
vt 0.364379 0.521658
vt 0.459517 0.478341
vt 0.466489 0.478341
vt 0.466489 0.521658
vt 0.459517 0.521658
vt 0.104105 0.478341
vt 0.117918 0.478341
vt 0.117918 0.521658
vt 0.104105 0.521658
vt 0.500433 0.478341
vt 0.500433 0.521658
vt 0.503754 0.478341
vt 0.508475 0.478341
vt 0.508475 0.521658
vt 0.503754 0.521658
vt 0.082711 0.478341
vt 0.075184 0.478341
vt 0.075184 0.521658
vt 0.082711 0.521658
vt 0.660795 0.478341
vt 0.662954 0.478341
vt 0.662954 0.521658
vt 0.660795 0.521658
vt 0.462491 0.478341
vt 0.462491 0.521658
vt 0.503801 0.478341
vt 0.493234 0.478341
vt 0.493234 0.521658
vt 0.503801 0.521658
vt 0.130594 0.478341
vt 0.130594 0.521658
vt 0.092339 0.478341
vt 0.092339 0.521658
vt 0.658529 0.478341
vt 0.658529 0.521658
vt 0.459198 0.478341
vt 0.459198 0.521658
vt 0.487165 0.478341
vt 0.487165 0.521658
vt 0.069219 0.478341
vt 0.069219 0.521658
vt 0.700587 0.478341
vt 0.700587 0.521658
vt 0.545450 0.478341
vt 0.542334 0.478341
vt 0.542334 0.521658
vt 0.545450 0.521658
vt 0.797866 0.478341
vt 0.800096 0.478341
vt 0.800096 0.521658
vt 0.797866 0.521658
vt 0.496800 0.478341
vt 0.496800 0.521658
vt 0.453011 0.478341
vt 0.453011 0.521658
vt 0.552818 0.478341
vt 0.552818 0.521658
vt 0.104603 0.478341
vt 0.104603 0.521658
vt 0.656124 0.478341
vt 0.656124 0.521658
vt 0.456196 0.478341
vt 0.456196 0.521658
vt 0.539331 0.478341
vt 0.539331 0.521658
vt 0.802454 0.478341
vt 0.802454 0.521658
vt 0.482604 0.478341
vt 0.482604 0.521658
vt 0.118213 0.478341
vt 0.118213 0.521658
vt 0.458444 0.478341
vt 0.432043 0.478341
vt 0.432043 0.521658
vt 0.458444 0.521658
vt 0.536429 0.478341
vt 0.536429 0.521658
vt 0.499872 0.478341
vt 0.499872 0.521658
vt 0.804977 0.478341
vt 0.804977 0.521658
vt 0.503452 0.478341
vt 0.494306 0.478341
vt 0.494306 0.521658
vt 0.503452 0.521658
vt 0.486583 0.478341
vt 0.492757 0.478341
vt 0.492757 0.521658
vt 0.486583 0.521658
vt 0.511816 0.478341
vt 0.508588 0.478341
vt 0.508588 0.521658
vt 0.511816 0.521658
vt 0.559709 0.478341
vt 0.559709 0.521658
vt 0.498498 0.478341
vt 0.498498 0.521658
vt 0.653544 0.478341
vt 0.653544 0.521658
vt 0.515025 0.478341
vt 0.515025 0.521658
vt 0.533615 0.478341
vt 0.533615 0.521658
vt 0.493636 0.478341
vt 0.493636 0.521658
vt 0.808931 0.478341
vt 0.808931 0.521658
vt 0.442023 0.478341
vt 0.442023 0.521658
vt 0.492068 0.478341
vt 0.489582 0.478341
vt 0.489582 0.521658
vt 0.492068 0.521658
vt 0.453511 0.478341
vt 0.453511 0.521658
vt 0.491820 0.478341
vt 0.491820 0.521658
vt 0.414907 0.478341
vt 0.414907 0.521658
vt 0.530876 0.478341
vt 0.530876 0.521658
vt 0.812683 0.478341
vt 0.812683 0.521658
vt 0.064283 0.478341
vt 0.064283 0.521658
vt 0.484461 0.478341
vt 0.490574 0.478341
vt 0.490574 0.521658
vt 0.484461 0.521658
vt 0.518216 0.478341
vt 0.518216 0.521658
vt 0.528202 0.478341
vt 0.528202 0.521658
vt 0.490924 0.478341
vt 0.490924 0.521658
vt 0.486810 0.478341
vt 0.486810 0.521658
vt 0.451168 0.478341
vt 0.451168 0.521658
vt 0.499424 0.478341
vt 0.489222 0.478341
vt 0.489222 0.521658
vt 0.499424 0.521658
vt 0.795733 0.478341
vt 0.795733 0.521658
vt 0.130975 0.478341
vt 0.130975 0.521658
vt 0.483779 0.478341
vt 0.483779 0.521658
vt 0.566091 0.478341
vt 0.566091 0.521658
vt 0.793663 0.478341
vt 0.793663 0.521658
vt 0.217928 0.478341
vt 0.319298 0.478341
vt 0.319298 0.521658
vt 0.217928 0.521658
vt 0.447015 0.478341
vt 0.447015 0.521658
vt 0.525580 0.478341
vt 0.525580 0.521658
vt 0.484884 0.478341
vt 0.484884 0.521658
vt 0.816204 0.478341
vt 0.816204 0.521658
vt 0.480027 0.478341
vt 0.480027 0.521658
vt 0.521392 0.478341
vt 0.521392 0.521658
vt 0.522997 0.478341
vt 0.522997 0.521658
vt 0.446489 0.478341
vt 0.594434 0.478341
vt 0.594434 0.521658
vt 0.446489 0.521658
vt 0.485770 0.478341
vt 0.485770 0.521658
vt 0.479938 0.478341
vt 0.479938 0.521658
vt 0.524554 0.478341
vt 0.524554 0.521658
vt 0.520442 0.478341
vt 0.520442 0.521658
vt 0.590410 0.478341
vt 0.593851 0.478341
vt 0.593851 0.521658
vt 0.590410 0.521658
vt 0.480514 0.478341
vt 0.480514 0.521658
vt 0.449194 0.478341
vt 0.449194 0.521658
vt 0.791620 0.478341
vt 0.791620 0.521658
vt 0.407950 0.478341
vt 0.407950 0.521658
vt 0.485935 0.478341
vt 0.485935 0.521658
vt 0.473883 0.478341
vt 0.473883 0.521658
vt 0.571934 0.478341
vt 0.571934 0.521658
vt 0.483728 0.478341
vt 0.483728 0.521658
vt 0.789573 0.478341
vt 0.789573 0.521658
vt 0.059837 0.478341
vt 0.059837 0.521658
vt 0.527704 0.478341
vt 0.527704 0.521658
vt 0.517903 0.478341
vt 0.517903 0.521658
vt 0.819468 0.478341
vt 0.819468 0.521658
vt 0.477042 0.478341
vt 0.477042 0.521658
vt 0.557179 0.478341
vt 0.555485 0.478341
vt 0.555485 0.521658
vt 0.557179 0.521658
vt 0.515367 0.478341
vt 0.515367 0.521658
vt 0.482689 0.478341
vt 0.482689 0.521658
vt 0.142816 0.478341
vt 0.142816 0.521658
vt 0.479086 0.478341
vt 0.479086 0.521658
vt 0.787487 0.478341
vt 0.787487 0.521658
vt 0.473139 0.478341
vt 0.473139 0.521658
vt 0.530843 0.478341
vt 0.530843 0.521658
vt 0.822449 0.478341
vt 0.822449 0.521658
vt 0.585698 0.478341
vt 0.585698 0.521658
vt 0.577206 0.478341
vt 0.577206 0.521658
vt 0.326183 0.478341
vt 0.317268 0.478341
vt 0.317268 0.521658
vt 0.326183 0.521658
vt 0.401563 0.478341
vt 0.401563 0.521658
vt 0.476802 0.478341
vt 0.476802 0.521658
vt 0.533974 0.478341
vt 0.533974 0.521658
vt 0.512822 0.478341
vt 0.512822 0.521658
vt 0.681440 0.478341
vt 0.677052 0.478341
vt 0.677052 0.521658
vt 0.681440 0.521658
vt 0.553188 0.478341
vt 0.553188 0.521658
vt 0.335301 0.478341
vt 0.335301 0.521658
vt 0.785328 0.478341
vt 0.785328 0.521658
vt 0.589914 0.478341
vt 0.584062 0.478341
vt 0.584062 0.521658
vt 0.589914 0.521658
vt 0.589453 0.478341
vt 0.460386 0.478341
vt 0.460386 0.521658
vt 0.589453 0.521658
vt 0.685375 0.478341
vt 0.685375 0.521658
vt 0.468958 0.478341
vt 0.468958 0.521658
vt 0.783062 0.478341
vt 0.783062 0.521658
vt 0.672784 0.478341
vt 0.672784 0.521658
vt 0.441568 0.478341
vt 0.441568 0.521658
vt 0.308506 0.478341
vt 0.308506 0.521658
vt 0.825120 0.478341
vt 0.825120 0.521658
vt 0.153664 0.478341
vt 0.153664 0.521658
vt 0.556572 0.478341
vt 0.565496 0.478341
vt 0.565496 0.521658
vt 0.556572 0.521658
vt 0.579776 0.478341
vt 0.579776 0.521658
vt 0.537098 0.478341
vt 0.537098 0.521658
vt 0.689072 0.478341
vt 0.689072 0.521658
vt 0.550203 0.478341
vt 0.550203 0.521658
vt 0.571387 0.478341
vt 0.571387 0.521658
vt 0.478545 0.478341
vt 0.478545 0.521658
vt 0.780657 0.478341
vt 0.780657 0.521658
vt 0.473388 0.478341
vt 0.473388 0.521658
vt 0.539301 0.478341
vt 0.541714 0.478341
vt 0.541714 0.521658
vt 0.539301 0.521658
vt 0.344672 0.478341
vt 0.344672 0.521658
vt 0.540217 0.478341
vt 0.540217 0.521658
vt 0.477901 0.478341
vt 0.477901 0.521658
vt 0.163446 0.478341
vt 0.163446 0.521658
vt 0.474851 0.478341
vt 0.474851 0.521658
vt 0.575747 0.478341
vt 0.575747 0.521658
vt 0.668710 0.478341
vt 0.668710 0.521658
vt 0.543332 0.478341
vt 0.543332 0.521658
vt 0.546446 0.478341
vt 0.546446 0.521658
vt 0.581876 0.478341
vt 0.581876 0.521658
vt 0.473816 0.478341
vt 0.473816 0.521658
vt 0.778077 0.478341
vt 0.778077 0.521658
vt 0.572703 0.478341
vt 0.572703 0.521658
vt 0.692512 0.478341
vt 0.692512 0.521658
vt 0.580460 0.478341
vt 0.584596 0.478341
vt 0.584596 0.521658
vt 0.580460 0.521658
vt 0.664909 0.478341
vt 0.664909 0.521658
vt 0.476220 0.478341
vt 0.476220 0.521658
vt 0.575791 0.478341
vt 0.575791 0.521658
vt 0.483827 0.478341
vt 0.483827 0.521658
vt 0.661458 0.478341
vt 0.661458 0.521658
vt 0.546059 0.478341
vt 0.546059 0.521658
vt 0.436713 0.478341
vt 0.436713 0.521658
vt 0.475196 0.478341
vt 0.475196 0.521658
vt 0.299844 0.478341
vt 0.299844 0.521658
vt 0.655910 0.478341
vt 0.653969 0.478341
vt 0.653969 0.521658
vt 0.655910 0.521658
vt 0.578194 0.478341
vt 0.583246 0.478341
vt 0.583246 0.521658
vt 0.578194 0.521658
vt 0.570617 0.478341
vt 0.570617 0.521658
vt 0.550117 0.478341
vt 0.550117 0.521658
vt 0.469208 0.478341
vt 0.469208 0.521658
vt 0.172091 0.478341
vt 0.172091 0.521658
vt 0.695673 0.478341
vt 0.695673 0.521658
vt 0.572533 0.478341
vt 0.572533 0.521658
vt 0.564551 0.478341
vt 0.564551 0.521658
vt 0.658432 0.478341
vt 0.658432 0.521658
vt 0.511639 0.478341
vt 0.511639 0.521658
vt 0.553871 0.478341
vt 0.553871 0.521658
vt 0.466051 0.478341
vt 0.478823 0.478341
vt 0.478823 0.521658
vt 0.466051 0.521658
vt 0.477549 0.478341
vt 0.477549 0.521658
vt 0.514688 0.478341
vt 0.514688 0.521658
vt 0.557304 0.478341
vt 0.557304 0.521658
vt 0.095735 0.478341
vt 0.095735 0.521658
vt 0.471584 0.478341
vt 0.471584 0.521658
vt 0.113912 0.478341
vt 0.113912 0.521658
vt 0.465686 0.478341
vt 0.465686 0.521658
vt 0.517733 0.478341
vt 0.517733 0.521658
vt 0.360386 0.478341
vt 0.369223 0.478341
vt 0.369223 0.521658
vt 0.360386 0.521658
vt 0.472506 0.478341
vt 0.472506 0.521658
vt 0.564966 0.478341
vt 0.564966 0.521658
vt 0.122742 0.478341
vt 0.122742 0.521658
vt 0.560397 0.478341
vt 0.560397 0.521658
vt 0.469359 0.478341
vt 0.469359 0.521658
vt 0.469968 0.478341
vt 0.469968 0.521658
vt 0.566309 0.478341
vt 0.566309 0.521658
vt 0.520774 0.478341
vt 0.520774 0.521658
vt 0.563134 0.478341
vt 0.563134 0.521658
vt 0.087964 0.478341
vt 0.087964 0.521658
vt 0.468475 0.478341
vt 0.468475 0.521658
vt 0.466332 0.478341
vt 0.466332 0.521658
vt 0.523807 0.478341
vt 0.523807 0.521658
vt 0.565497 0.478341
vt 0.565497 0.521658
vt 0.291234 0.478341
vt 0.291234 0.521658
vt 0.424657 0.478341
vt 0.424657 0.521658
vt 0.471761 0.478341
vt 0.471761 0.521658
vt 0.434956 0.478341
vt 0.434956 0.521658
vt 0.698538 0.478341
vt 0.698538 0.521658
vt 0.559566 0.478341
vt 0.559566 0.521658
vt 0.558865 0.478341
vt 0.558865 0.521658
vt 0.463656 0.478341
vt 0.463656 0.521658
vt 0.701085 0.478341
vt 0.701085 0.521658
vt 0.526832 0.478341
vt 0.526832 0.521658
vt 0.564338 0.478341
vt 0.561668 0.478341
vt 0.561668 0.521658
vt 0.564338 0.521658
vt 0.469334 0.478341
vt 0.469334 0.521658
vt 0.417230 0.478341
vt 0.417230 0.521658
vt 0.467917 0.478341
vt 0.467917 0.521658
vt 0.439205 0.478341
vt 0.439205 0.521658
vt 0.529847 0.478341
vt 0.529847 0.521658
vt 0.558697 0.478341
vt 0.558697 0.521658
vt 0.050281 0.478341
vt 0.043846 0.478341
vt 0.043846 0.521658
vt 0.050281 0.521658
vt 0.464955 0.478341
vt 0.464955 0.521658
vt 0.564541 0.478341
vt 0.564541 0.521658
vt 0.703295 0.478341
vt 0.703295 0.521658
vt 0.532849 0.478341
vt 0.532849 0.521658
vt 0.378875 0.478341
vt 0.378875 0.521658
vt 0.460501 0.478341
vt 0.460501 0.521658
vt 0.552342 0.478341
vt 0.552342 0.521658
vt 0.443115 0.478341
vt 0.443115 0.521658
vt 0.705147 0.478341
vt 0.705147 0.521658
vt 0.555438 0.478341
vt 0.555438 0.521658
vt 0.463208 0.478341
vt 0.463208 0.521658
vt 0.707701 0.478341
vt 0.706623 0.478341
vt 0.706623 0.521658
vt 0.707701 0.521658
vt 0.552349 0.478341
vt 0.552349 0.521658
vt 0.466488 0.478341
vt 0.466488 0.521658
vt 0.535837 0.478341
vt 0.535837 0.521658
vt 0.459778 0.478341
vt 0.459778 0.521658
vt 0.465528 0.478341
vt 0.465528 0.521658
vt 0.545346 0.478341
vt 0.545346 0.521658
vt 0.424571 0.478341
vt 0.424571 0.521658
vt 0.538810 0.478341
vt 0.538810 0.521658
vt 0.551904 0.478341
vt 0.551904 0.521658
vt 0.454466 0.478341
vt 0.454466 0.521658
vt 0.461751 0.478341
vt 0.461751 0.521658
vt 0.131031 0.478341
vt 0.131031 0.521658
vt 0.461990 0.478341
vt 0.461990 0.521658
vt 0.459776 0.478341
vt 0.459776 0.521658
vt 0.544703 0.478341
vt 0.544703 0.521658
vt 0.547778 0.478341
vt 0.547778 0.521658
vt 0.462554 0.478341
vt 0.462554 0.521658
vt 0.458055 0.478341
vt 0.458055 0.521658
vt 0.541766 0.478341
vt 0.541766 0.521658
vt 0.548108 0.478341
vt 0.548108 0.521658
vt 0.282623 0.478341
vt 0.282623 0.521658
vt 0.408518 0.478341
vt 0.408518 0.521658
vt 0.454591 0.478341
vt 0.454591 0.521658
vt 0.696135 0.478341
vt 0.685536 0.478341
vt 0.685536 0.521658
vt 0.696135 0.521658
vt 0.544379 0.478341
vt 0.544379 0.521658
vt 0.458739 0.478341
vt 0.458739 0.521658
vt 0.081143 0.478341
vt 0.081143 0.521658
vt 0.453537 0.478341
vt 0.453537 0.521658
vt 0.451037 0.478341
vt 0.451037 0.521658
vt 0.577996 0.478341
vt 0.596676 0.478341
vt 0.596676 0.521658
vt 0.577996 0.521658
vt 0.562403 0.478341
vt 0.570819 0.478341
vt 0.570819 0.521658
vt 0.562403 0.521658
vt 0.675791 0.478341
vt 0.675791 0.521658
vt 0.543535 0.478341
vt 0.543535 0.521658
vt 0.057902 0.478341
vt 0.057902 0.521658
vt 0.457572 0.478341
vt 0.457572 0.521658
vt 0.388921 0.478341
vt 0.388921 0.521658
vt 0.447119 0.478341
vt 0.447119 0.521658
vt 0.398942 0.478341
vt 0.398942 0.521658
vt 0.447679 0.478341
vt 0.447679 0.521658
vt 0.666912 0.478341
vt 0.666912 0.521658
vt 0.532548 0.478341
vt 0.532548 0.521658
vt 0.138716 0.478341
vt 0.138716 0.521658
vt 0.444676 0.478341
vt 0.444676 0.521658
vt 0.540920 0.478341
vt 0.540920 0.521658
vt 0.454465 0.478341
vt 0.454465 0.521658
vt 0.455797 0.478341
vt 0.455797 0.521658
vt 0.704916 0.478341
vt 0.710830 0.478341
vt 0.710830 0.521658
vt 0.704916 0.521658
vt 0.446672 0.478341
vt 0.446672 0.521658
vt 0.442267 0.478341
vt 0.442267 0.521658
vt 0.539593 0.478341
vt 0.539593 0.521658
vt 0.453975 0.478341
vt 0.453975 0.521658
vt 0.439017 0.478341
vt 0.439017 0.521658
vt 0.699156 0.478341
vt 0.699156 0.521658
vt 0.537741 0.478341
vt 0.537741 0.521658
vt 0.152019 0.478341
vt 0.145733 0.478341
vt 0.145733 0.521658
vt 0.152019 0.521658
vt 0.453183 0.478341
vt 0.453183 0.521658
vt 0.075129 0.478341
vt 0.075129 0.521658
vt 0.572443 0.478341
vt 0.563504 0.478341
vt 0.563504 0.521658
vt 0.572443 0.521658
vt 0.437367 0.478341
vt 0.437367 0.521658
vt 0.535931 0.478341
vt 0.535931 0.521658
vt 0.457463 0.478341
vt 0.457463 0.521658
vt 0.442600 0.478341
vt 0.442600 0.521658
vt 0.643302 0.478341
vt 0.648445 0.478341
vt 0.648445 0.521658
vt 0.643302 0.521658
vt 0.693590 0.478341
vt 0.693590 0.521658
vt 0.534852 0.478341
vt 0.534852 0.521658
vt 0.450986 0.478341
vt 0.450986 0.521658
vt 0.789442 0.478341
vt 0.785991 0.478341
vt 0.785991 0.521658
vt 0.789442 0.521658
vt 0.688257 0.478341
vt 0.688257 0.521658
vt 0.273962 0.478341
vt 0.273962 0.521658
vt 0.825618 0.478341
vt 0.823071 0.478341
vt 0.823071 0.521658
vt 0.825618 0.521658
vt 0.561542 0.478341
vt 0.565773 0.478341
vt 0.565773 0.521658
vt 0.561542 0.521658
vt 0.713313 0.478341
vt 0.718146 0.478341
vt 0.718146 0.521658
vt 0.713313 0.521658
vt 0.554206 0.478341
vt 0.554206 0.521658
vt 0.532529 0.478341
vt 0.532529 0.521658
vt 0.654227 0.478341
vt 0.654227 0.521658
vt 0.532265 0.478341
vt 0.532265 0.521658
vt 0.069775 0.478341
vt 0.069775 0.521658
vt 0.066444 0.478341
vt 0.066444 0.521658
vt 0.793243 0.478341
vt 0.793243 0.521658
vt 0.550057 0.478341
vt 0.550057 0.521658
vt 0.555830 0.478341
vt 0.560912 0.478341
vt 0.560912 0.521658
vt 0.555830 0.521658
vt 0.820206 0.478341
vt 0.820206 0.521658
vt 0.707979 0.478341
vt 0.707979 0.521658
vt 0.518911 0.478341
vt 0.518911 0.521658
vt 0.555349 0.478341
vt 0.555349 0.521658
vt 0.660608 0.478341
vt 0.660608 0.521658
vt 0.550505 0.478341
vt 0.550505 0.521658
vt 0.817045 0.478341
vt 0.817045 0.521658
vt 0.544590 0.478341
vt 0.544590 0.521658
vt 0.529366 0.478341
vt 0.529366 0.521658
vt 0.565266 0.478341
vt 0.562698 0.478341
vt 0.562698 0.521658
vt 0.565266 0.521658
vt 0.702210 0.478341
vt 0.702210 0.521658
vt 0.453232 0.478341
vt 0.453232 0.521658
vt 0.797317 0.478341
vt 0.797317 0.521658
vt 0.667546 0.478341
vt 0.667546 0.521658
vt 0.544978 0.478341
vt 0.544978 0.521658
vt 0.559662 0.478341
vt 0.559662 0.521658
vt 0.813605 0.478341
vt 0.813605 0.521658
vt 0.443271 0.478341
vt 0.443271 0.521658
vt 0.539289 0.478341
vt 0.539289 0.521658
vt 0.446302 0.478341
vt 0.446302 0.521658
vt 0.432890 0.478341
vt 0.432890 0.521658
vt 0.553116 0.478341
vt 0.553116 0.521658
vt 0.696069 0.478341
vt 0.696069 0.521658
vt 0.534699 0.478341
vt 0.534699 0.521658
vt 0.526420 0.478341
vt 0.526420 0.521658
vt 0.675002 0.478341
vt 0.675002 0.521658
vt 0.556160 0.478341
vt 0.556160 0.521658
vt 0.556452 0.478341
vt 0.556452 0.521658
vt 0.801585 0.478341
vt 0.801585 0.521658
vt 0.533479 0.478341
vt 0.533479 0.521658
vt 0.809908 0.478341
vt 0.809908 0.521658
vt 0.689622 0.478341
vt 0.689622 0.521658
vt 0.524576 0.478341
vt 0.524576 0.521658
vt 0.523672 0.478341
vt 0.523672 0.521658
vt 0.075647 0.478341
vt 0.075647 0.521658
vt 0.682934 0.478341
vt 0.682934 0.521658
vt 0.552190 0.478341
vt 0.552190 0.521658
vt 0.554522 0.478341
vt 0.560142 0.478341
vt 0.560142 0.521658
vt 0.554522 0.521658
vt 0.805973 0.478341
vt 0.805973 0.521658
vt 0.820668 0.478341
vt 0.810069 0.478341
vt 0.810069 0.521658
vt 0.820668 0.521658
vt 0.527589 0.478341
vt 0.527589 0.521658
vt 0.547754 0.478341
vt 0.547754 0.521658
vt 0.521659 0.478341
vt 0.521659 0.521658
vt 0.542850 0.478341
vt 0.542850 0.521658
vt 0.550531 0.478341
vt 0.550531 0.521658
vt 0.800324 0.478341
vt 0.800324 0.521658
vt 0.514262 0.478341
vt 0.514262 0.521658
vt 0.555891 0.478341
vt 0.549753 0.478341
vt 0.549753 0.521658
vt 0.555891 0.521658
vt 0.265199 0.478341
vt 0.265199 0.521658
vt 0.429532 0.478341
vt 0.429532 0.521658
vt 0.791445 0.478341
vt 0.791445 0.521658
vt 0.685425 0.478341
vt 0.682674 0.478341
vt 0.682674 0.521658
vt 0.685425 0.521658
vt 0.583744 0.478341
vt 0.586324 0.478341
vt 0.586324 0.521658
vt 0.583744 0.521658
vt 0.418347 0.478341
vt 0.418347 0.521658
vt 0.537480 0.478341
vt 0.537480 0.521658
vt 0.029248 0.478341
vt 0.039331 0.478341
vt 0.039331 0.521658
vt 0.029248 0.521658
vt 0.545189 0.478341
vt 0.545189 0.521658
vt 0.692064 0.478341
vt 0.692064 0.521658
vt 0.829449 0.478341
vt 0.835363 0.478341
vt 0.835363 0.521658
vt 0.829449 0.521658
vt 0.680026 0.478341
vt 0.680026 0.521658
vt 0.523450 0.478341
vt 0.501034 0.478341
vt 0.501034 0.521658
vt 0.523450 0.521658
vt 0.415939 0.478341
vt 0.415939 0.521658
vt 0.404020 0.478341
vt 0.404020 0.521658
vt 0.823689 0.478341
vt 0.823689 0.521658
vt 0.677478 0.478341
vt 0.677478 0.521658
vt 0.548199 0.478341
vt 0.548199 0.521658
vt 0.580810 0.478341
vt 0.580810 0.521658
vt 0.085250 0.478341
vt 0.085250 0.521658
vt 0.402370 0.478341
vt 0.402370 0.521658
vt 0.543069 0.478341
vt 0.543069 0.521658
vt 0.698375 0.478341
vt 0.698375 0.521658
vt 0.505164 0.478341
vt 0.505164 0.521658
vt 0.390440 0.478341
vt 0.390440 0.521658
vt 0.360385 0.478341
vt 0.360385 0.521658
vt 0.818123 0.478341
vt 0.818123 0.521658
vt 0.675029 0.478341
vt 0.675029 0.521658
vt 0.577514 0.478341
vt 0.577514 0.521658
vt 0.812790 0.478341
vt 0.812790 0.521658
vt 0.672676 0.478341
vt 0.672676 0.521658
vt 0.256284 0.478341
vt 0.256284 0.521658
vt 0.389377 0.478341
vt 0.389377 0.521658
vt 0.543809 0.478341
vt 0.543809 0.521658
vt 0.573843 0.478341
vt 0.573843 0.521658
vt 0.378139 0.478341
vt 0.378139 0.521658
vt 0.531847 0.478341
vt 0.531847 0.521658
vt 0.516726 0.478341
vt 0.516726 0.521658
vt 0.515729 0.478341
vt 0.515729 0.521658
vt 0.577881 0.478341
vt 0.577881 0.521658
vt 0.542896 0.478341
vt 0.542896 0.521658
vt -0.082152 0.478341
vt -0.142470 0.478341
vt -0.142470 0.521658
vt -0.082152 0.521658
vt 0.670419 0.478341
vt 0.670419 0.521658
vt 0.434955 0.478341
vt 0.434955 0.521658
vt 0.377512 0.478341
vt 0.377512 0.521658
vt 0.581532 0.478341
vt 0.581532 0.521658
vt 0.367647 0.478341
vt 0.367647 0.521658
vt 0.541273 0.478341
vt 0.541273 0.521658
vt -0.016194 0.478341
vt -0.046580 0.478341
vt -0.046580 0.521658
vt -0.016194 0.521658
vt 0.704311 0.478341
vt 0.704311 0.521658
vt 0.584802 0.478341
vt 0.584802 0.521658
vt 0.094989 0.478341
vt 0.094989 0.521658
vt 0.352781 0.478341
vt 0.352781 0.521658
vt 0.668255 0.478341
vt 0.668255 0.521658
vt 0.367324 0.478341
vt 0.367324 0.521658
vt -0.032900 0.478341
vt -0.032900 0.521658
vt 0.587699 0.478341
vt 0.587699 0.521658
vt 0.359495 0.478341
vt 0.359495 0.521658
vt 0.666182 0.478341
vt 0.666182 0.521658
vt 0.534121 0.478341
vt 0.534121 0.521658
vt 0.568312 0.478341
vt 0.579953 0.478341
vt 0.579953 0.521658
vt 0.568312 0.521658
vt 0.502130 0.478341
vt 0.505324 0.478341
vt 0.505324 0.521658
vt 0.502130 0.521658
vt 0.211203 0.478341
vt 0.211203 0.521658
vt 0.664200 0.478341
vt 0.664200 0.521658
vt 0.359364 0.478341
vt 0.359364 0.521658
vt 0.559106 0.478341
vt 0.559106 0.521658
vt 0.492040 0.478341
vt 0.492040 0.521658
vt 0.439230 0.478341
vt 0.439230 0.521658
vt 0.791516 0.478341
vt 0.798938 0.478341
vt 0.798938 0.521658
vt 0.791516 0.521658
vt 0.542983 0.478341
vt 0.542983 0.521658
vt 0.536316 0.478341
vt 0.536316 0.521658
vt 0.551929 0.478341
vt 0.551929 0.521658
vt 0.709824 0.478341
vt 0.709824 0.521658
vt 0.662305 0.478341
vt 0.662305 0.521658
vt 0.813559 0.478341
vt 0.820038 0.478341
vt 0.820038 0.521658
vt 0.813559 0.521658
vt 0.532376 0.478341
vt 0.532376 0.521658
vt 0.546374 0.478341
vt 0.546374 0.521658
vt 0.498637 0.478341
vt 0.498637 0.521658
vt 0.806859 0.478341
vt 0.806859 0.521658
vt 0.535382 0.478341
vt 0.535382 0.521658
vt 0.660498 0.478341
vt 0.660498 0.521658
vt 0.547480 0.478341
vt 0.547480 0.521658
vt -0.043138 0.478341
vt -0.047988 0.478341
vt -0.047988 0.521658
vt -0.043138 0.521658
vt 0.658775 0.478341
vt 0.658775 0.521658
vt 0.551071 0.478341
vt 0.551071 0.521658
vt 0.533842 0.478341
vt 0.533842 0.521658
vt -0.036563 0.478341
vt -0.036563 0.521658
vt 0.539398 0.478341
vt 0.531463 0.478341
vt 0.531463 0.521658
vt 0.539398 0.521658
vt 0.553858 0.478341
vt 0.553858 0.521658
vt -0.029126 0.478341
vt -0.029126 0.521658
vt 0.714867 0.478341
vt 0.714867 0.521658
vt 0.528081 0.478341
vt 0.528081 0.521658
vt 0.809958 0.478341
vt 0.807207 0.478341
vt 0.807207 0.521658
vt 0.809958 0.521658
vt -0.021689 0.478341
vt -0.021689 0.521658
vt 0.494890 0.478341
vt 0.494890 0.521658
vt 0.527272 0.478341
vt 0.527272 0.521658
vt 0.555940 0.478341
vt 0.555940 0.521658
vt 0.816597 0.478341
vt 0.816597 0.521658
vt -0.015114 0.478341
vt -0.015114 0.521658
vt 0.804559 0.478341
vt 0.804559 0.521658
vt 0.719391 0.478341
vt 0.719391 0.521658
vt 0.496412 0.478341
vt 0.494171 0.478341
vt 0.494171 0.521658
vt 0.496412 0.521658
vt 0.522205 0.478341
vt 0.522205 0.521658
vt -0.010264 0.478341
vt -0.010264 0.521658
vt 0.050761 0.478341
vt 0.050761 0.521658
vt 0.802011 0.478341
vt 0.802011 0.521658
vt 0.518855 0.478341
vt 0.524409 0.478341
vt 0.524409 0.521658
vt 0.518855 0.521658
vt 0.490934 0.478341
vt 0.490934 0.521658
vt 0.433307 0.478341
vt 0.433307 0.521658
vt 0.491557 0.478341
vt 0.491557 0.521658
vt 0.526004 0.478341
vt 0.526004 0.521658
vt 0.822908 0.478341
vt 0.822908 0.521658
vt -0.026474 0.478341
vt -0.008000 0.478341
vt -0.008000 0.521658
vt -0.026474 0.521658
vt 0.799562 0.478341
vt 0.799562 0.521658
vt 0.673334 0.478341
vt 0.675563 0.478341
vt 0.675563 0.521658
vt 0.673334 0.521658
vt 0.521150 0.478341
vt 0.521150 0.521658
vt 0.480269 0.478341
vt 0.480269 0.521658
vt 0.063246 0.478341
vt 0.063246 0.521658
vt 0.797209 0.478341
vt 0.797209 0.521658
vt 0.488597 0.478341
vt 0.488597 0.521658
vt 0.677921 0.478341
vt 0.677921 0.521658
vt 0.522714 0.478341
vt 0.522714 0.521658
vt -0.038247 0.478341
vt -0.038247 0.521658
vt 0.170035 0.478341
vt 0.177107 0.478341
vt 0.177107 0.521658
vt 0.170035 0.521658
vt -0.086413 0.478341
vt -0.086413 0.521658
vt 0.680444 0.478341
vt 0.680444 0.521658
vt 0.486811 0.478341
vt 0.486811 0.521658
vt 0.794952 0.478341
vt 0.794952 0.521658
vt 0.423354 0.478341
vt 0.508506 0.478341
vt 0.508506 0.521658
vt 0.423354 0.521658
vt 0.485320 0.478341
vt 0.485320 0.521658
vt 0.519134 0.478341
vt 0.519134 0.521658
vt -0.118062 0.478341
vt -0.031636 0.478341
vt -0.031636 0.521658
vt -0.118062 0.521658
vt 0.518625 0.478341
vt 0.518625 0.521658
vt 0.428595 0.478341
vt 0.428595 0.521658
vt 0.828844 0.478341
vt 0.828844 0.521658
vt 0.684398 0.478341
vt 0.684398 0.521658
vt 0.482566 0.478341
vt 0.482566 0.521658
vt 0.076493 0.478341
vt 0.076493 0.521658
vt 0.792788 0.478341
vt 0.792788 0.521658
vt 0.486075 0.478341
vt 0.494000 0.478341
vt 0.494000 0.521658
vt 0.486075 0.521658
vt 0.481752 0.478341
vt 0.481752 0.521658
vt 0.517858 0.478341
vt 0.517858 0.521658
vt 0.688150 0.478341
vt 0.688150 0.521658
vt 0.513155 0.478341
vt 0.513155 0.521658
vt 0.790715 0.478341
vt 0.790715 0.521658
vt 0.502084 0.478341
vt 0.502084 0.521658
vt 0.161853 0.478341
vt 0.161853 0.521658
vt 0.478243 0.478341
vt 0.478243 0.521658
vt 0.788733 0.478341
vt 0.788733 0.521658
vt 0.478276 0.478341
vt 0.478276 0.521658
vt 0.671200 0.478341
vt 0.671200 0.521658
vt 0.477922 0.478341
vt 0.477922 0.521658
vt 0.470572 0.478341
vt 0.470572 0.521658
vt 0.669130 0.478341
vt 0.669130 0.521658
vt 0.425155 0.478341
vt 0.425155 0.521658
vt 0.834357 0.478341
vt 0.834357 0.521658
vt 0.691671 0.478341
vt 0.691671 0.521658
vt 0.470582 0.478341
vt 0.470582 0.521658
vt 0.090210 0.478341
vt 0.090210 0.521658
vt 0.786839 0.478341
vt 0.786839 0.521658
vt 0.462932 0.478341
vt 0.462932 0.521658
vt 0.473886 0.478341
vt 0.473886 0.521658
vt 0.785031 0.478341
vt 0.785031 0.521658
vt -0.021765 0.478341
vt -0.030096 0.478341
vt -0.030096 0.521658
vt -0.021765 0.521658
vt 0.473858 0.478341
vt 0.473858 0.521658
vt 0.783308 0.478341
vt 0.783308 0.521658
vt -0.013433 0.478341
vt -0.013433 0.521658
vt 0.667087 0.478341
vt 0.667087 0.521658
vt 0.440074 0.478341
vt 0.447714 0.478341
vt 0.447714 0.521658
vt 0.440074 0.521658
vt 0.665040 0.478341
vt 0.665040 0.521658
vt 0.432370 0.478341
vt 0.432370 0.521658
vt 0.463711 0.478341
vt 0.463711 0.521658
vt 0.001988 0.478341
vt 0.001988 0.521658
s 1
f 139/1/1 138/2/1 136/3/1
f 136/3/1 138/2/1 137/4/1
f 136/3/1 135/5/1 134/6/1
f 136/3/1 134/6/1 133/7/1
f 136/3/1 133/7/1 132/8/1
f 136/3/1 132/8/1 131/9/1
f 136/3/1 131/9/1 130/10/1
f 136/3/1 130/10/1 129/11/1
f 136/3/1 129/11/1 128/12/1
f 136/3/1 128/12/1 127/13/1
f 136/3/1 127/13/1 126/14/1
f 136/3/1 126/14/1 125/15/1
f 136/3/1 125/15/1 124/16/1
f 136/3/1 124/16/1 123/17/1
f 136/3/1 123/17/1 122/18/1
f 136/3/1 122/18/1 154/19/1
f 139/1/1 136/3/1 141/20/1
f 141/20/1 136/3/1 154/19/1
f 141/20/1 154/19/1 153/21/1
f 139/1/1 141/20/1 140/22/1
f 142/23/1 141/20/1 151/24/1
f 151/24/1 141/20/1 152/25/1
f 152/25/1 141/20/1 153/21/1
f 142/23/1 151/24/1 150/26/1
f 142/23/1 150/26/1 149/27/1
f 142/23/1 149/27/1 148/28/1
f 142/23/1 148/28/1 147/29/1
f 142/23/1 147/29/1 146/30/1
f 142/23/1 146/30/1 145/31/1
f 142/23/1 145/31/1 144/32/1
f 142/23/1 144/32/1 143/33/1
f 269/34/1 268/35/1 267/36/1
f 194/37/1 193/38/1 192/39/1
f 195/40/1 194/37/1 192/39/1
f 195/40/1 192/39/1 191/41/1
f 195/40/1 191/41/1 190/42/1
f 283/43/1 282/44/1 281/45/1
f 283/43/1 281/45/1 280/46/1
f 284/47/1 283/43/1 280/46/1
f 196/48/1 195/40/1 190/42/1
f 196/48/1 190/42/1 189/49/1
f 269/34/1 267/36/1 251/50/1
f 251/50/1 267/36/1 266/51/1
f 284/47/1 280/46/1 279/52/1
f 285/53/1 284/47/1 279/52/1
f 197/54/1 196/48/1 189/49/1
f 197/54/1 189/49/1 188/55/1
f 285/53/1 279/52/1 278/56/1
f 286/57/1 285/53/1 278/56/1
f 198/58/1 197/54/1 188/55/1
f 198/58/1 188/55/1 187/59/1
f 287/60/1 286/57/1 278/56/1
f 287/60/1 278/56/1 277/61/1
f 198/58/1 187/59/1 186/62/1
f 199/63/1 198/58/1 186/62/1
f 288/64/1 287/60/1 277/61/1
f 288/64/1 277/61/1 354/65/1
f 354/65/1 277/61/1 276/66/1
f 199/63/1 186/62/1 215/67/1
f 215/67/1 186/62/1 185/68/1
f 200/69/1 199/63/1 214/70/1
f 214/70/1 199/63/1 215/67/1
f 216/71/1 215/67/1 185/68/1
f 217/72/1 216/71/1 185/68/1
f 200/69/1 214/70/1 213/73/1
f 288/64/1 354/65/1 353/74/1
f 355/75/1 354/65/1 276/66/1
f 288/64/1 353/74/1 352/76/1
f 356/77/1 355/75/1 276/66/1
f 289/78/1 288/64/1 352/76/1
f 356/77/1 276/66/1 357/79/1
f 357/79/1 276/66/1 275/80/1
f 252/81/1 251/50/1 266/51/1
f 218/82/1 217/72/1 185/68/1
f 289/78/1 352/76/1 351/83/1
f 200/69/1 213/73/1 212/84/1
f 218/82/1 185/68/1 184/85/1
f 289/78/1 351/83/1 350/86/1
f 219/87/1 218/82/1 184/85/1
f 275/80/1 357/79/1 358/88/1
f 200/69/1 212/84/1 211/89/1
f 289/78/1 350/86/1 349/90/1
f 220/91/1 219/87/1 184/85/1
f 275/80/1 358/88/1 359/92/1
f 200/69/1 211/89/1 210/93/1
f 201/94/1 200/69/1 210/93/1
f 290/95/1 289/78/1 349/90/1
f 274/96/1 275/80/1 359/92/1
f 348/97/1 349/90/1 290/95/1
f 220/91/1 184/85/1 183/98/1
f 274/96/1 359/92/1 360/99/1
f 221/100/1 220/91/1 183/98/1
f 201/94/1 210/93/1 209/101/1
f 347/102/1 348/97/1 290/95/1
f 274/96/1 360/99/1 361/103/1
f 222/104/1 221/100/1 183/98/1
f 347/102/1 290/95/1 291/105/1
f 273/106/1 274/96/1 361/103/1
f 201/94/1 209/101/1 208/107/1
f 222/104/1 183/98/1 182/108/1
f 346/109/1 347/102/1 291/105/1
f 273/106/1 361/103/1 362/110/1
f 202/111/1 201/94/1 208/107/1
f 223/112/1 222/104/1 182/108/1
f 202/111/1 208/107/1 207/113/1
f 345/114/1 346/109/1 291/105/1
f 345/114/1 291/105/1 292/115/1
f 272/116/1 273/106/1 362/110/1
f 272/116/1 362/110/1 363/117/1
f 223/112/1 182/108/1 181/118/1
f 224/119/1 223/112/1 181/118/1
f 202/111/1 207/113/1 206/120/1
f 344/121/1 345/114/1 292/115/1
f 272/116/1 363/117/1 364/122/1
f 225/123/1 224/119/1 181/118/1
f 344/121/1 292/115/1 293/124/1
f 271/125/1 272/116/1 364/122/1
f 202/111/1 206/120/1 205/126/1
f 225/123/1 181/118/1 180/127/1
f 155/128/1 202/111/1 205/126/1
f 343/129/1 344/121/1 293/124/1
f 271/125/1 364/122/1 365/130/1
f 226/131/1 225/123/1 180/127/1
f 155/128/1 205/126/1 204/132/1
f 342/133/1 343/129/1 293/124/1
f 342/133/1 293/124/1 294/134/1
f 270/135/1 271/125/1 365/130/1
f 226/131/1 180/127/1 179/136/1
f 270/135/1 365/130/1 318/137/1
f 227/138/1 226/131/1 179/136/1
f 155/128/1 204/132/1 203/139/1
f 341/140/1 342/133/1 294/134/1
f 156/141/1 155/128/1 203/139/1
f 156/141/1 203/139/1 250/142/1
f 228/143/1 227/138/1 179/136/1
f 228/143/1 179/136/1 178/144/1
f 341/140/1 294/134/1 295/145/1
f 317/146/1 270/135/1 318/137/1
f 317/146/1 318/137/1 319/147/1
f 340/148/1 341/140/1 295/145/1
f 156/141/1 250/142/1 249/149/1
f 229/150/1 228/143/1 178/144/1
f 317/146/1 319/147/1 320/151/1
f 157/152/1 156/141/1 249/149/1
f 340/148/1 295/145/1 296/153/1
f 316/154/1 317/146/1 320/151/1
f 339/155/1 340/148/1 296/153/1
f 157/152/1 249/149/1 248/156/1
f 230/157/1 229/150/1 178/144/1
f 316/154/1 320/151/1 321/158/1
f 158/159/1 157/152/1 248/156/1
f 259/160/1 258/161/1 257/162/1
f 230/157/1 178/144/1 177/163/1
f 260/164/1 259/160/1 257/162/1
f 158/159/1 248/156/1 247/165/1
f 260/164/1 257/162/1 256/166/1
f 338/167/1 339/155/1 296/153/1
f 338/167/1 296/153/1 297/168/1
f 315/169/1 316/154/1 321/158/1
f 231/170/1 230/157/1 177/163/1
f 315/169/1 321/158/1 322/171/1
f 261/172/1 260/164/1 256/166/1
f 159/173/1 158/159/1 247/165/1
f 261/172/1 256/166/1 255/174/1
f 159/173/1 247/165/1 246/175/1
f 337/176/1 338/167/1 297/168/1
f 232/177/1 231/170/1 177/163/1
f 315/169/1 322/171/1 323/178/1
f 262/179/1 261/172/1 255/174/1
f 337/176/1 297/168/1 298/180/1
f 314/181/1 315/169/1 323/178/1
f 159/173/1 246/175/1 245/182/1
f 336/183/1 337/176/1 298/180/1
f 233/184/1 232/177/1 177/163/1
f 160/185/1 159/173/1 245/182/1
f 233/184/1 177/163/1 176/186/1
f 314/181/1 323/178/1 324/187/1
f 263/188/1 262/179/1 255/174/1
f 263/188/1 255/174/1 254/189/1
f 160/185/1 245/182/1 244/190/1
f 335/191/1 336/183/1 298/180/1
f 299/192/1 298/180/1 335/191/1
f 313/193/1 314/181/1 324/187/1
f 234/194/1 233/184/1 176/186/1
f 313/193/1 324/187/1 325/195/1
f 161/196/1 160/185/1 244/190/1
f 264/197/1 263/188/1 254/189/1
f 161/196/1 244/190/1 243/198/1
f 299/192/1 335/191/1 334/199/1
f 235/200/1 234/194/1 176/186/1
f 313/193/1 325/195/1 326/201/1
f 235/200/1 176/186/1 175/202/1
f 300/203/1 299/192/1 334/199/1
f 312/204/1 313/193/1 326/201/1
f 161/196/1 243/198/1 242/205/1
f 300/203/1 334/199/1 333/206/1
f 236/207/1 235/200/1 175/202/1
f 327/208/1 326/201/1 312/204/1
f 265/209/1 264/197/1 254/189/1
f 162/210/1 161/196/1 242/205/1
f 300/203/1 333/206/1 332/211/1
f 162/210/1 242/205/1 241/212/1
f 328/213/1 327/208/1 312/204/1
f 237/214/1 236/207/1 175/202/1
f 266/51/1 265/209/1 254/189/1
f 300/203/1 332/211/1 331/215/1
f 329/216/1 328/213/1 312/204/1
f 162/210/1 241/212/1 240/217/1
f 238/218/1 237/214/1 175/202/1
f 252/81/1 266/51/1 254/189/1
f 252/81/1 254/189/1 253/219/1
f 301/220/1 300/203/1 331/215/1
f 329/216/1 312/204/1 311/221/1
f 301/220/1 331/215/1 330/222/1
f 330/222/1 329/216/1 311/221/1
f 301/220/1 330/222/1 311/221/1
f 162/210/1 240/217/1 239/223/1
f 239/223/1 238/218/1 175/202/1
f 162/210/1 239/223/1 175/202/1
f 162/210/1 175/202/1 174/224/1
f 163/225/1 162/210/1 174/224/1
f 302/226/1 301/220/1 311/221/1
f 302/226/1 311/221/1 310/227/1
f 164/228/1 163/225/1 174/224/1
f 164/228/1 174/224/1 173/229/1
f 303/230/1 302/226/1 310/227/1
f 303/230/1 310/227/1 309/231/1
f 165/232/1 164/228/1 173/229/1
f 165/232/1 173/229/1 172/233/1
f 304/234/1 303/230/1 309/231/1
f 304/234/1 309/231/1 308/235/1
f 166/236/1 165/232/1 172/233/1
f 166/236/1 172/233/1 171/237/1
f 305/238/1 304/234/1 308/235/1
f 305/238/1 308/235/1 307/239/1
f 167/240/1 166/236/1 171/237/1
f 167/240/1 171/237/1 170/241/1
f 306/242/1 305/238/1 307/239/1
f 168/243/1 167/240/1 170/241/1
f 169/244/1 168/243/1 170/241/1
f 501/245/1 500/246/1 499/247/1
f 502/248/1 501/245/1 499/247/1
f 503/249/1 502/248/1 499/247/1
f 503/249/1 499/247/1 498/250/1
f 504/251/1 503/249/1 498/250/1
f 505/252/1 504/251/1 498/250/1
f 506/253/1 505/252/1 498/250/1
f 506/253/1 498/250/1 497/254/1
f 507/255/1 506/253/1 497/254/1
f 508/256/1 507/255/1 497/254/1
f 509/257/1 508/256/1 497/254/1
f 509/257/1 497/254/1 496/258/1
f 510/259/1 509/257/1 496/258/1
f 511/260/1 510/259/1 496/258/1
f 511/260/1 496/258/1 495/261/1
f 512/262/1 511/260/1 495/261/1
f 366/263/1 512/262/1 375/264/1
f 375/264/1 512/262/1 376/265/1
f 376/265/1 512/262/1 377/266/1
f 377/266/1 512/262/1 378/267/1
f 378/267/1 512/262/1 495/261/1
f 378/267/1 495/261/1 494/268/1
f 378/267/1 494/268/1 493/269/1
f 378/267/1 493/269/1 492/270/1
f 378/267/1 492/270/1 379/271/1
f 379/271/1 492/270/1 491/272/1
f 380/273/1 379/271/1 491/272/1
f 381/274/1 380/273/1 491/272/1
f 382/275/1 381/274/1 491/272/1
f 382/275/1 491/272/1 490/276/1
f 383/277/1 382/275/1 490/276/1
f 384/278/1 383/277/1 490/276/1
f 385/279/1 384/278/1 490/276/1
f 385/279/1 490/276/1 489/280/1
f 386/281/1 385/279/1 489/280/1
f 387/282/1 386/281/1 489/280/1
f 387/282/1 489/280/1 488/283/1
f 388/284/1 387/282/1 488/283/1
f 366/263/1 375/264/1 374/285/1
f 389/286/1 388/284/1 488/283/1
f 389/286/1 488/283/1 487/287/1
f 390/288/1 389/286/1 487/287/1
f 391/289/1 390/288/1 487/287/1
f 391/289/1 487/287/1 486/290/1
f 366/263/1 374/285/1 373/291/1
f 392/292/1 391/289/1 486/290/1
f 392/292/1 486/290/1 485/293/1
f 393/294/1 392/292/1 485/293/1
f 393/294/1 485/293/1 484/295/1
f 394/296/1 393/294/1 484/295/1
f 394/296/1 484/295/1 483/297/1
f 395/298/1 394/296/1 483/297/1
f 366/263/1 373/291/1 372/299/1
f 395/298/1 483/297/1 482/300/1
f 396/301/1 395/298/1 482/300/1
f 397/302/1 396/301/1 482/300/1
f 397/302/1 482/300/1 481/303/1
f 398/304/1 397/302/1 481/303/1
f 398/304/1 481/303/1 480/305/1
f 399/306/1 398/304/1 480/305/1
f 400/307/1 399/306/1 480/305/1
f 401/308/1 400/307/1 480/305/1
f 401/308/1 480/305/1 479/309/1
f 402/310/1 401/308/1 479/309/1
f 403/311/1 402/310/1 479/309/1
f 403/311/1 479/309/1 478/312/1
f 366/263/1 372/299/1 371/313/1
f 403/311/1 478/312/1 477/314/1
f 403/311/1 477/314/1 476/315/1
f 403/311/1 476/315/1 475/316/1
f 403/311/1 475/316/1 474/317/1
f 403/311/1 474/317/1 473/318/1
f 403/311/1 473/318/1 472/319/1
f 403/311/1 472/319/1 471/320/1
f 366/263/1 371/313/1 370/321/1
f 403/311/1 471/320/1 404/322/1
f 404/322/1 471/320/1 470/323/1
f 405/324/1 404/322/1 470/323/1
f 406/325/1 405/324/1 470/323/1
f 407/326/1 406/325/1 470/323/1
f 407/326/1 470/323/1 469/327/1
f 408/328/1 407/326/1 469/327/1
f 409/329/1 408/328/1 469/327/1
f 409/329/1 469/327/1 468/330/1
f 410/331/1 409/329/1 468/330/1
f 366/263/1 370/321/1 369/332/1
f 411/333/1 410/331/1 468/330/1
f 411/333/1 468/330/1 467/334/1
f 412/335/1 411/333/1 467/334/1
f 412/335/1 467/334/1 466/336/1
f 413/337/1 412/335/1 466/336/1
f 413/337/1 466/336/1 465/338/1
f 414/339/1 413/337/1 465/338/1
f 366/263/1 369/332/1 368/340/1
f 414/339/1 465/338/1 464/341/1
f 415/342/1 414/339/1 464/341/1
f 415/342/1 464/341/1 463/343/1
f 416/344/1 415/342/1 463/343/1
f 366/263/1 368/340/1 367/345/1
f 417/346/1 416/344/1 463/343/1
f 417/346/1 463/343/1 462/347/1
f 418/348/1 417/346/1 462/347/1
f 419/349/1 418/348/1 462/347/1
f 419/349/1 462/347/1 461/350/1
f 420/351/1 419/349/1 461/350/1
f 440/352/1 439/353/1 438/354/1
f 440/352/1 438/354/1 437/355/1
f 421/356/1 420/351/1 461/350/1
f 440/352/1 437/355/1 436/357/1
f 422/358/1 421/356/1 461/350/1
f 422/358/1 461/350/1 460/359/1
f 440/352/1 436/357/1 435/360/1
f 440/352/1 435/360/1 434/361/1
f 423/362/1 422/358/1 460/359/1
f 440/352/1 434/361/1 433/363/1
f 424/364/1 423/362/1 460/359/1
f 440/352/1 433/363/1 432/365/1
f 440/352/1 432/365/1 431/366/1
f 425/367/1 424/364/1 460/359/1
f 425/367/1 460/359/1 459/368/1
f 440/352/1 431/366/1 430/369/1
f 426/370/1 425/367/1 459/368/1
f 440/352/1 430/369/1 429/371/1
f 440/352/1 429/371/1 428/372/1
f 427/373/1 426/370/1 459/368/1
f 440/352/1 428/372/1 427/373/1
f 440/352/1 427/373/1 459/368/1
f 440/352/1 459/368/1 458/374/1
f 440/352/1 458/374/1 457/375/1
f 440/352/1 457/375/1 456/376/1
f 441/377/1 440/352/1 456/376/1
f 442/378/1 441/377/1 456/376/1
f 443/379/1 442/378/1 456/376/1
f 443/379/1 456/376/1 455/380/1
f 444/381/1 443/379/1 455/380/1
f 445/382/1 444/381/1 455/380/1
f 445/382/1 455/380/1 454/383/1
f 446/384/1 445/382/1 454/383/1
f 447/385/1 446/384/1 454/383/1
f 448/386/1 447/385/1 454/383/1
f 448/386/1 454/383/1 453/387/1
f 449/388/1 448/386/1 453/387/1
f 450/389/1 449/388/1 453/387/1
f 450/389/1 453/387/1 452/390/1
f 451/391/1 450/389/1 452/390/1
f 514/392/1 513/393/1 585/394/1
f 515/395/1 514/392/1 585/394/1
f 516/396/1 515/395/1 585/394/1
f 516/396/1 585/394/1 584/397/1
f 516/396/1 584/397/1 583/398/1
f 517/399/1 516/396/1 583/398/1
f 517/399/1 583/398/1 582/400/1
f 517/399/1 582/400/1 581/401/1
f 518/402/1 517/399/1 581/401/1
f 518/402/1 581/401/1 580/403/1
f 518/402/1 580/403/1 579/404/1
f 519/405/1 518/402/1 579/404/1
f 519/405/1 579/404/1 578/406/1
f 519/405/1 578/406/1 577/407/1
f 520/408/1 519/405/1 577/407/1
f 520/408/1 577/407/1 576/409/1
f 521/410/1 520/408/1 576/409/1
f 521/410/1 576/409/1 575/411/1
f 521/410/1 575/411/1 574/412/1
f 522/413/1 521/410/1 574/412/1
f 562/414/1 561/415/1 560/416/1
f 563/417/1 562/414/1 560/416/1
f 564/418/1 563/417/1 560/416/1
f 564/418/1 560/416/1 559/419/1
f 565/420/1 564/418/1 559/419/1
f 566/421/1 565/420/1 559/419/1
f 522/413/1 574/412/1 573/422/1
f 567/423/1 566/421/1 559/419/1
f 567/423/1 559/419/1 558/424/1
f 568/425/1 567/423/1 558/424/1
f 569/426/1 568/425/1 558/424/1
f 570/427/1 569/426/1 558/424/1
f 570/427/1 558/424/1 557/428/1
f 571/429/1 570/427/1 557/428/1
f 572/430/1 571/429/1 557/428/1
f 573/422/1 572/430/1 557/428/1
f 573/422/1 557/428/1 556/431/1
f 522/413/1 573/422/1 556/431/1
f 523/432/1 522/413/1 556/431/1
f 523/432/1 556/431/1 555/433/1
f 523/432/1 555/433/1 554/434/1
f 524/435/1 523/432/1 595/436/1
f 595/436/1 523/432/1 596/437/1
f 596/437/1 523/432/1 554/434/1
f 596/437/1 554/434/1 597/438/1
f 597/438/1 554/434/1 598/439/1
f 598/439/1 554/434/1 553/440/1
f 599/441/1 598/439/1 553/440/1
f 600/442/1 599/441/1 553/440/1
f 524/435/1 595/436/1 594/443/1
f 524/435/1 594/443/1 593/444/1
f 601/445/1 600/442/1 553/440/1
f 601/445/1 553/440/1 552/446/1
f 524/435/1 593/444/1 592/447/1
f 524/435/1 592/447/1 591/448/1
f 602/449/1 601/445/1 552/446/1
f 524/435/1 591/448/1 590/450/1
f 603/451/1 602/449/1 552/446/1
f 524/435/1 590/450/1 589/452/1
f 524/435/1 589/452/1 588/453/1
f 604/454/1 603/451/1 552/446/1
f 524/435/1 588/453/1 587/455/1
f 525/456/1 524/435/1 587/455/1
f 604/454/1 552/446/1 551/457/1
f 525/456/1 587/455/1 586/458/1
f 605/459/1 604/454/1 551/457/1
f 525/456/1 586/458/1 633/460/1
f 606/461/1 605/459/1 551/457/1
f 607/462/1 606/461/1 551/457/1
f 607/462/1 551/457/1 550/463/1
f 525/456/1 633/460/1 632/464/1
f 608/465/1 607/462/1 550/463/1
f 526/466/1 525/456/1 632/464/1
f 609/467/1 608/465/1 550/463/1
f 609/467/1 550/463/1 549/468/1
f 526/466/1 632/464/1 631/469/1
f 623/470/1 622/471/1 621/472/1
f 624/473/1 623/470/1 621/472/1
f 624/473/1 621/472/1 620/474/1
f 610/475/1 609/467/1 549/468/1
f 526/466/1 631/469/1 630/476/1
f 625/477/1 624/473/1 620/474/1
f 625/477/1 620/474/1 619/478/1
f 626/479/1 625/477/1 619/478/1
f 627/480/1 626/479/1 619/478/1
f 526/466/1 630/476/1 629/481/1
f 627/480/1 619/478/1 618/482/1
f 628/483/1 627/480/1 618/482/1
f 526/466/1 629/481/1 628/483/1
f 527/484/1 526/466/1 628/483/1
f 527/484/1 628/483/1 618/482/1
f 611/485/1 610/475/1 549/468/1
f 611/485/1 549/468/1 548/486/1
f 527/484/1 618/482/1 617/487/1
f 527/484/1 617/487/1 616/488/1
f 612/489/1 611/485/1 548/486/1
f 527/484/1 616/488/1 615/490/1
f 527/484/1 615/490/1 614/491/1
f 613/492/1 612/489/1 548/486/1
f 527/484/1 614/491/1 613/492/1
f 527/484/1 613/492/1 548/486/1
f 527/484/1 548/486/1 547/493/1
f 528/494/1 527/484/1 547/493/1
f 528/494/1 547/493/1 546/495/1
f 529/496/1 528/494/1 546/495/1
f 529/496/1 546/495/1 545/497/1
f 530/498/1 529/496/1 545/497/1
f 530/498/1 545/497/1 544/499/1
f 531/500/1 530/498/1 544/499/1
f 531/500/1 544/499/1 543/501/1
f 532/502/1 531/500/1 543/501/1
f 532/502/1 543/501/1 542/503/1
f 533/504/1 532/502/1 542/503/1
f 533/504/1 542/503/1 541/505/1
f 534/506/1 533/504/1 541/505/1
f 534/506/1 541/505/1 540/507/1
f 535/508/1 534/506/1 540/507/1
f 535/508/1 540/507/1 539/509/1
f 536/510/1 535/508/1 539/509/1
f 536/510/1 539/509/1 538/511/1
f 537/512/1 536/510/1 538/511/1
f 2/513/1 1/514/1 73/515/1
f 3/516/1 2/513/1 73/515/1
f 4/517/1 3/516/1 73/515/1
f 4/517/1 73/515/1 72/518/1
f 4/517/1 72/518/1 71/519/1
f 5/520/1 4/517/1 71/519/1
f 5/520/1 71/519/1 70/521/1
f 5/520/1 70/521/1 69/522/1
f 6/523/1 5/520/1 69/522/1
f 6/523/1 69/522/1 68/524/1
f 6/523/1 68/524/1 67/525/1
f 7/526/1 6/523/1 67/525/1
f 7/526/1 67/525/1 66/527/1
f 7/526/1 66/527/1 65/528/1
f 8/529/1 7/526/1 65/528/1
f 8/529/1 65/528/1 64/530/1
f 9/531/1 8/529/1 64/530/1
f 9/531/1 64/530/1 63/532/1
f 9/531/1 63/532/1 62/533/1
f 10/534/1 9/531/1 62/533/1
f 50/535/1 49/536/1 48/537/1
f 51/538/1 50/535/1 48/537/1
f 52/539/1 51/538/1 48/537/1
f 52/539/1 48/537/1 47/540/1
f 53/541/1 52/539/1 47/540/1
f 54/542/1 53/541/1 47/540/1
f 10/534/1 62/533/1 61/543/1
f 55/544/1 54/542/1 47/540/1
f 55/544/1 47/540/1 46/545/1
f 56/546/1 55/544/1 46/545/1
f 57/547/1 56/546/1 46/545/1
f 58/548/1 57/547/1 46/545/1
f 58/548/1 46/545/1 45/549/1
f 59/550/1 58/548/1 45/549/1
f 60/551/1 59/550/1 45/549/1
f 61/543/1 60/551/1 45/549/1
f 61/543/1 45/549/1 44/552/1
f 10/534/1 61/543/1 44/552/1
f 11/553/1 10/534/1 44/552/1
f 11/553/1 44/552/1 43/554/1
f 11/553/1 43/554/1 42/555/1
f 12/556/1 11/553/1 83/557/1
f 83/557/1 11/553/1 84/558/1
f 84/558/1 11/553/1 42/555/1
f 84/558/1 42/555/1 85/559/1
f 85/559/1 42/555/1 86/560/1
f 86/560/1 42/555/1 41/561/1
f 87/562/1 86/560/1 41/561/1
f 88/563/1 87/562/1 41/561/1
f 12/556/1 83/557/1 82/564/1
f 12/556/1 82/564/1 81/565/1
f 89/566/1 88/563/1 41/561/1
f 89/566/1 41/561/1 40/567/1
f 12/556/1 81/565/1 80/568/1
f 12/556/1 80/568/1 79/569/1
f 90/570/1 89/566/1 40/567/1
f 12/556/1 79/569/1 78/571/1
f 91/572/1 90/570/1 40/567/1
f 12/556/1 78/571/1 77/573/1
f 12/556/1 77/573/1 76/574/1
f 92/575/1 91/572/1 40/567/1
f 12/556/1 76/574/1 75/576/1
f 13/577/1 12/556/1 75/576/1
f 92/575/1 40/567/1 39/578/1
f 13/577/1 75/576/1 74/579/1
f 93/580/1 92/575/1 39/578/1
f 13/577/1 74/579/1 121/581/1
f 94/582/1 93/580/1 39/578/1
f 95/583/1 94/582/1 39/578/1
f 95/583/1 39/578/1 38/584/1
f 13/577/1 121/581/1 120/585/1
f 96/586/1 95/583/1 38/584/1
f 14/587/1 13/577/1 120/585/1
f 97/588/1 96/586/1 38/584/1
f 97/588/1 38/584/1 37/589/1
f 14/587/1 120/585/1 119/590/1
f 98/591/1 97/588/1 37/589/1
f 99/592/1 98/591/1 37/589/1
f 99/592/1 37/589/1 36/593/1
f 15/594/1 14/587/1 119/590/1
f 15/594/1 119/590/1 118/595/1
f 100/596/1 99/592/1 36/593/1
f 15/594/1 118/595/1 117/597/1
f 101/598/1 100/596/1 36/593/1
f 101/598/1 36/593/1 35/599/1
f 102/600/1 101/598/1 35/599/1
f 15/594/1 117/597/1 116/601/1
f 16/602/1 15/594/1 116/601/1
f 103/603/1 102/600/1 35/599/1
f 16/602/1 116/601/1 115/604/1
f 104/605/1 103/603/1 35/599/1
f 104/605/1 35/599/1 34/606/1
f 16/602/1 115/604/1 114/607/1
f 105/608/1 104/605/1 34/606/1
f 16/602/1 114/607/1 113/609/1
f 106/610/1 105/608/1 34/606/1
f 107/611/1 106/610/1 34/606/1
f 16/602/1 113/609/1 112/612/1
f 108/613/1 107/611/1 34/606/1
f 17/614/1 16/602/1 112/612/1
f 17/614/1 112/612/1 111/615/1
f 109/616/1 108/613/1 34/606/1
f 17/614/1 111/615/1 110/617/1
f 110/617/1 109/616/1 34/606/1
f 17/614/1 110/617/1 34/606/1
f 17/614/1 34/606/1 33/618/1
f 18/619/1 17/614/1 33/618/1
f 18/619/1 33/618/1 32/620/1
f 19/621/1 18/619/1 32/620/1
f 19/621/1 32/620/1 31/622/1
f 20/623/1 19/621/1 31/622/1
f 20/623/1 31/622/1 30/624/1
f 21/625/1 20/623/1 30/624/1
f 21/625/1 30/624/1 29/626/1
f 22/627/1 21/625/1 29/626/1
f 22/627/1 29/626/1 28/628/1
f 23/629/1 22/627/1 28/628/1
f 23/629/1 28/628/1 27/630/1
f 24/631/1 23/629/1 27/630/1
f 24/631/1 27/630/1 26/632/1
f 25/633/1 24/631/1 26/632/1
f 772/1/2 769/3/2 771/2/2
f 769/3/2 770/4/2 771/2/2
f 769/3/2 767/6/2 768/5/2
f 769/3/2 766/7/2 767/6/2
f 769/3/2 765/8/2 766/7/2
f 769/3/2 764/9/2 765/8/2
f 769/3/2 763/10/2 764/9/2
f 769/3/2 762/11/2 763/10/2
f 769/3/2 761/12/2 762/11/2
f 769/3/2 760/13/2 761/12/2
f 769/3/2 759/14/2 760/13/2
f 769/3/2 758/15/2 759/14/2
f 769/3/2 757/16/2 758/15/2
f 769/3/2 756/17/2 757/16/2
f 769/3/2 755/18/2 756/17/2
f 769/3/2 787/19/2 755/18/2
f 772/1/2 774/20/2 769/3/2
f 774/20/2 787/19/2 769/3/2
f 774/20/2 786/21/2 787/19/2
f 772/1/2 773/22/2 774/20/2
f 775/23/2 784/24/2 774/20/2
f 784/24/2 785/25/2 774/20/2
f 785/25/2 786/21/2 774/20/2
f 775/23/2 783/26/2 784/24/2
f 775/23/2 782/27/2 783/26/2
f 775/23/2 781/28/2 782/27/2
f 775/23/2 780/29/2 781/28/2
f 775/23/2 779/30/2 780/29/2
f 775/23/2 778/31/2 779/30/2
f 775/23/2 777/32/2 778/31/2
f 775/23/2 776/33/2 777/32/2
f 902/34/2 900/36/2 901/35/2
f 827/37/2 825/39/2 826/38/2
f 828/40/2 825/39/2 827/37/2
f 828/40/2 824/41/2 825/39/2
f 828/40/2 823/42/2 824/41/2
f 916/43/2 914/45/2 915/44/2
f 916/43/2 913/46/2 914/45/2
f 917/47/2 913/46/2 916/43/2
f 829/48/2 823/42/2 828/40/2
f 829/48/2 822/49/2 823/42/2
f 902/34/2 884/50/2 900/36/2
f 884/50/2 899/51/2 900/36/2
f 917/47/2 912/52/2 913/46/2
f 918/53/2 912/52/2 917/47/2
f 830/54/2 822/49/2 829/48/2
f 830/54/2 821/55/2 822/49/2
f 918/53/2 911/56/2 912/52/2
f 919/57/2 911/56/2 918/53/2
f 831/58/2 821/55/2 830/54/2
f 831/58/2 820/59/2 821/55/2
f 920/60/2 911/56/2 919/57/2
f 920/60/2 910/61/2 911/56/2
f 831/58/2 819/62/2 820/59/2
f 832/63/2 819/62/2 831/58/2
f 921/64/2 910/61/2 920/60/2
f 921/64/2 987/65/2 910/61/2
f 987/65/2 909/66/2 910/61/2
f 832/63/2 848/67/2 819/62/2
f 848/67/2 818/68/2 819/62/2
f 833/69/2 847/70/2 832/63/2
f 847/70/2 848/67/2 832/63/2
f 849/71/2 818/68/2 848/67/2
f 850/72/2 818/68/2 849/71/2
f 833/69/2 846/73/2 847/70/2
f 921/64/2 986/74/2 987/65/2
f 988/75/2 909/66/2 987/65/2
f 921/64/2 985/76/2 986/74/2
f 989/77/2 909/66/2 988/75/2
f 922/78/2 985/76/2 921/64/2
f 989/77/2 990/79/2 909/66/2
f 990/79/2 908/80/2 909/66/2
f 885/81/2 899/51/2 884/50/2
f 851/82/2 818/68/2 850/72/2
f 922/78/2 984/83/2 985/76/2
f 833/69/2 845/84/2 846/73/2
f 851/82/2 817/85/2 818/68/2
f 922/78/2 983/86/2 984/83/2
f 852/87/2 817/85/2 851/82/2
f 908/80/2 991/88/2 990/79/2
f 833/69/2 844/89/2 845/84/2
f 922/78/2 982/90/2 983/86/2
f 853/91/2 817/85/2 852/87/2
f 908/80/2 992/92/2 991/88/2
f 833/69/2 843/93/2 844/89/2
f 834/94/2 843/93/2 833/69/2
f 923/95/2 982/90/2 922/78/2
f 907/96/2 992/92/2 908/80/2
f 981/97/2 923/95/2 982/90/2
f 853/91/2 816/98/2 817/85/2
f 907/96/2 993/99/2 992/92/2
f 854/100/2 816/98/2 853/91/2
f 834/94/2 842/101/2 843/93/2
f 980/102/2 923/95/2 981/97/2
f 907/96/2 994/103/2 993/99/2
f 855/104/2 816/98/2 854/100/2
f 980/102/2 924/105/2 923/95/2
f 906/106/2 994/103/2 907/96/2
f 834/94/2 841/107/2 842/101/2
f 855/104/2 815/108/2 816/98/2
f 979/109/2 924/105/2 980/102/2
f 906/106/2 995/110/2 994/103/2
f 835/111/2 841/107/2 834/94/2
f 856/112/2 815/108/2 855/104/2
f 835/111/2 840/113/2 841/107/2
f 978/114/2 924/105/2 979/109/2
f 978/114/2 925/115/2 924/105/2
f 905/116/2 995/110/2 906/106/2
f 905/116/2 996/117/2 995/110/2
f 856/112/2 814/118/2 815/108/2
f 857/119/2 814/118/2 856/112/2
f 835/111/2 839/120/2 840/113/2
f 977/121/2 925/115/2 978/114/2
f 905/116/2 997/122/2 996/117/2
f 858/123/2 814/118/2 857/119/2
f 977/121/2 926/124/2 925/115/2
f 904/125/2 997/122/2 905/116/2
f 835/111/2 838/126/2 839/120/2
f 858/123/2 813/127/2 814/118/2
f 788/128/2 838/126/2 835/111/2
f 976/129/2 926/124/2 977/121/2
f 904/125/2 998/130/2 997/122/2
f 859/131/2 813/127/2 858/123/2
f 788/128/2 837/132/2 838/126/2
f 975/133/2 926/124/2 976/129/2
f 975/133/2 927/134/2 926/124/2
f 903/135/2 998/130/2 904/125/2
f 859/131/2 812/136/2 813/127/2
f 903/135/2 951/137/2 998/130/2
f 860/138/2 812/136/2 859/131/2
f 788/128/2 836/139/2 837/132/2
f 974/140/2 927/134/2 975/133/2
f 789/141/2 836/139/2 788/128/2
f 789/141/2 883/142/2 836/139/2
f 861/143/2 812/136/2 860/138/2
f 861/143/2 811/144/2 812/136/2
f 974/140/2 928/145/2 927/134/2
f 950/146/2 951/137/2 903/135/2
f 950/146/2 952/147/2 951/137/2
f 973/148/2 928/145/2 974/140/2
f 789/141/2 882/149/2 883/142/2
f 862/150/2 811/144/2 861/143/2
f 950/146/2 953/151/2 952/147/2
f 790/152/2 882/149/2 789/141/2
f 973/148/2 929/153/2 928/145/2
f 949/154/2 953/151/2 950/146/2
f 972/155/2 929/153/2 973/148/2
f 790/152/2 881/156/2 882/149/2
f 863/157/2 811/144/2 862/150/2
f 949/154/2 954/158/2 953/151/2
f 791/159/2 881/156/2 790/152/2
f 892/160/2 890/162/2 891/161/2
f 863/157/2 810/163/2 811/144/2
f 893/164/2 890/162/2 892/160/2
f 791/159/2 880/165/2 881/156/2
f 893/164/2 889/166/2 890/162/2
f 971/167/2 929/153/2 972/155/2
f 971/167/2 930/168/2 929/153/2
f 948/169/2 954/158/2 949/154/2
f 864/170/2 810/163/2 863/157/2
f 948/169/2 955/171/2 954/158/2
f 894/172/2 889/166/2 893/164/2
f 792/173/2 880/165/2 791/159/2
f 894/172/2 888/174/2 889/166/2
f 792/173/2 879/175/2 880/165/2
f 970/176/2 930/168/2 971/167/2
f 865/177/2 810/163/2 864/170/2
f 948/169/2 956/178/2 955/171/2
f 895/179/2 888/174/2 894/172/2
f 970/176/2 931/180/2 930/168/2
f 947/181/2 956/178/2 948/169/2
f 792/173/2 878/182/2 879/175/2
f 969/183/2 931/180/2 970/176/2
f 866/184/2 810/163/2 865/177/2
f 793/185/2 878/182/2 792/173/2
f 866/184/2 809/186/2 810/163/2
f 947/181/2 957/187/2 956/178/2
f 896/188/2 888/174/2 895/179/2
f 896/188/2 887/189/2 888/174/2
f 793/185/2 877/190/2 878/182/2
f 968/191/2 931/180/2 969/183/2
f 932/192/2 968/191/2 931/180/2
f 946/193/2 957/187/2 947/181/2
f 867/194/2 809/186/2 866/184/2
f 946/193/2 958/195/2 957/187/2
f 794/196/2 877/190/2 793/185/2
f 897/197/2 887/189/2 896/188/2
f 794/196/2 876/198/2 877/190/2
f 932/192/2 967/199/2 968/191/2
f 868/200/2 809/186/2 867/194/2
f 946/193/2 959/201/2 958/195/2
f 868/200/2 808/202/2 809/186/2
f 933/203/2 967/199/2 932/192/2
f 945/204/2 959/201/2 946/193/2
f 794/196/2 875/205/2 876/198/2
f 933/203/2 966/206/2 967/199/2
f 869/207/2 808/202/2 868/200/2
f 960/208/2 945/204/2 959/201/2
f 898/209/2 887/189/2 897/197/2
f 795/210/2 875/205/2 794/196/2
f 933/203/2 965/211/2 966/206/2
f 795/210/2 874/212/2 875/205/2
f 961/213/2 945/204/2 960/208/2
f 870/214/2 808/202/2 869/207/2
f 899/51/2 887/189/2 898/209/2
f 933/203/2 964/215/2 965/211/2
f 962/216/2 945/204/2 961/213/2
f 795/210/2 873/217/2 874/212/2
f 871/218/2 808/202/2 870/214/2
f 885/81/2 887/189/2 899/51/2
f 885/81/2 886/219/2 887/189/2
f 934/220/2 964/215/2 933/203/2
f 962/216/2 944/221/2 945/204/2
f 934/220/2 963/222/2 964/215/2
f 963/222/2 944/221/2 962/216/2
f 934/220/2 944/221/2 963/222/2
f 795/210/2 872/223/2 873/217/2
f 872/223/2 808/202/2 871/218/2
f 795/210/2 808/202/2 872/223/2
f 795/210/2 807/224/2 808/202/2
f 796/225/2 807/224/2 795/210/2
f 935/226/2 944/221/2 934/220/2
f 935/226/2 943/227/2 944/221/2
f 797/228/2 807/224/2 796/225/2
f 797/228/2 806/229/2 807/224/2
f 936/230/2 943/227/2 935/226/2
f 936/230/2 942/231/2 943/227/2
f 798/232/2 806/229/2 797/228/2
f 798/232/2 805/233/2 806/229/2
f 937/234/2 942/231/2 936/230/2
f 937/234/2 941/235/2 942/231/2
f 799/236/2 805/233/2 798/232/2
f 799/236/2 804/237/2 805/233/2
f 938/238/2 941/235/2 937/234/2
f 938/238/2 940/239/2 941/235/2
f 800/240/2 804/237/2 799/236/2
f 800/240/2 803/241/2 804/237/2
f 939/242/2 940/239/2 938/238/2
f 801/243/2 803/241/2 800/240/2
f 802/244/2 803/241/2 801/243/2
f 1134/245/2 1132/247/2 1133/246/2
f 1135/248/2 1132/247/2 1134/245/2
f 1136/249/2 1132/247/2 1135/248/2
f 1136/249/2 1131/250/2 1132/247/2
f 1137/251/2 1131/250/2 1136/249/2
f 1138/252/2 1131/250/2 1137/251/2
f 1139/253/2 1131/250/2 1138/252/2
f 1139/253/2 1130/254/2 1131/250/2
f 1140/255/2 1130/254/2 1139/253/2
f 1141/256/2 1130/254/2 1140/255/2
f 1142/257/2 1130/254/2 1141/256/2
f 1142/257/2 1129/258/2 1130/254/2
f 1143/259/2 1129/258/2 1142/257/2
f 1144/260/2 1129/258/2 1143/259/2
f 1144/260/2 1128/261/2 1129/258/2
f 1145/262/2 1128/261/2 1144/260/2
f 999/263/2 1008/264/2 1145/262/2
f 1008/264/2 1009/265/2 1145/262/2
f 1009/265/2 1010/266/2 1145/262/2
f 1010/266/2 1011/267/2 1145/262/2
f 1011/267/2 1128/261/2 1145/262/2
f 1011/267/2 1127/268/2 1128/261/2
f 1011/267/2 1126/269/2 1127/268/2
f 1011/267/2 1125/270/2 1126/269/2
f 1011/267/2 1012/271/2 1125/270/2
f 1012/271/2 1124/272/2 1125/270/2
f 1013/273/2 1124/272/2 1012/271/2
f 1014/274/2 1124/272/2 1013/273/2
f 1015/275/2 1124/272/2 1014/274/2
f 1015/275/2 1123/276/2 1124/272/2
f 1016/277/2 1123/276/2 1015/275/2
f 1017/278/2 1123/276/2 1016/277/2
f 1018/279/2 1123/276/2 1017/278/2
f 1018/279/2 1122/280/2 1123/276/2
f 1019/281/2 1122/280/2 1018/279/2
f 1020/282/2 1122/280/2 1019/281/2
f 1020/282/2 1121/283/2 1122/280/2
f 1021/284/2 1121/283/2 1020/282/2
f 999/263/2 1007/285/2 1008/264/2
f 1022/286/2 1121/283/2 1021/284/2
f 1022/286/2 1120/287/2 1121/283/2
f 1023/288/2 1120/287/2 1022/286/2
f 1024/289/2 1120/287/2 1023/288/2
f 1024/289/2 1119/290/2 1120/287/2
f 999/263/2 1006/291/2 1007/285/2
f 1025/292/2 1119/290/2 1024/289/2
f 1025/292/2 1118/293/2 1119/290/2
f 1026/294/2 1118/293/2 1025/292/2
f 1026/294/2 1117/295/2 1118/293/2
f 1027/296/2 1117/295/2 1026/294/2
f 1027/296/2 1116/297/2 1117/295/2
f 1028/298/2 1116/297/2 1027/296/2
f 999/263/2 1005/299/2 1006/291/2
f 1028/298/2 1115/300/2 1116/297/2
f 1029/301/2 1115/300/2 1028/298/2
f 1030/302/2 1115/300/2 1029/301/2
f 1030/302/2 1114/303/2 1115/300/2
f 1031/304/2 1114/303/2 1030/302/2
f 1031/304/2 1113/305/2 1114/303/2
f 1032/306/2 1113/305/2 1031/304/2
f 1033/307/2 1113/305/2 1032/306/2
f 1034/308/2 1113/305/2 1033/307/2
f 1034/308/2 1112/309/2 1113/305/2
f 1035/310/2 1112/309/2 1034/308/2
f 1036/311/2 1112/309/2 1035/310/2
f 1036/311/2 1111/312/2 1112/309/2
f 999/263/2 1004/313/2 1005/299/2
f 1036/311/2 1110/314/2 1111/312/2
f 1036/311/2 1109/315/2 1110/314/2
f 1036/311/2 1108/316/2 1109/315/2
f 1036/311/2 1107/317/2 1108/316/2
f 1036/311/2 1106/318/2 1107/317/2
f 1036/311/2 1105/319/2 1106/318/2
f 1036/311/2 1104/320/2 1105/319/2
f 999/263/2 1003/321/2 1004/313/2
f 1036/311/2 1037/322/2 1104/320/2
f 1037/322/2 1103/323/2 1104/320/2
f 1038/324/2 1103/323/2 1037/322/2
f 1039/325/2 1103/323/2 1038/324/2
f 1040/326/2 1103/323/2 1039/325/2
f 1040/326/2 1102/327/2 1103/323/2
f 1041/328/2 1102/327/2 1040/326/2
f 1042/329/2 1102/327/2 1041/328/2
f 1042/329/2 1101/330/2 1102/327/2
f 1043/331/2 1101/330/2 1042/329/2
f 999/263/2 1002/332/2 1003/321/2
f 1044/333/2 1101/330/2 1043/331/2
f 1044/333/2 1100/334/2 1101/330/2
f 1045/335/2 1100/334/2 1044/333/2
f 1045/335/2 1099/336/2 1100/334/2
f 1046/337/2 1099/336/2 1045/335/2
f 1046/337/2 1098/338/2 1099/336/2
f 1047/339/2 1098/338/2 1046/337/2
f 999/263/2 1001/340/2 1002/332/2
f 1047/339/2 1097/341/2 1098/338/2
f 1048/342/2 1097/341/2 1047/339/2
f 1048/342/2 1096/343/2 1097/341/2
f 1049/344/2 1096/343/2 1048/342/2
f 999/263/2 1000/345/2 1001/340/2
f 1050/346/2 1096/343/2 1049/344/2
f 1050/346/2 1095/347/2 1096/343/2
f 1051/348/2 1095/347/2 1050/346/2
f 1052/349/2 1095/347/2 1051/348/2
f 1052/349/2 1094/350/2 1095/347/2
f 1053/351/2 1094/350/2 1052/349/2
f 1073/352/2 1071/354/2 1072/353/2
f 1073/352/2 1070/355/2 1071/354/2
f 1054/356/2 1094/350/2 1053/351/2
f 1073/352/2 1069/357/2 1070/355/2
f 1055/358/2 1094/350/2 1054/356/2
f 1055/358/2 1093/359/2 1094/350/2
f 1073/352/2 1068/360/2 1069/357/2
f 1073/352/2 1067/361/2 1068/360/2
f 1056/362/2 1093/359/2 1055/358/2
f 1073/352/2 1066/363/2 1067/361/2
f 1057/364/2 1093/359/2 1056/362/2
f 1073/352/2 1065/365/2 1066/363/2
f 1073/352/2 1064/366/2 1065/365/2
f 1058/367/2 1093/359/2 1057/364/2
f 1058/367/2 1092/368/2 1093/359/2
f 1073/352/2 1063/369/2 1064/366/2
f 1059/370/2 1092/368/2 1058/367/2
f 1073/352/2 1062/371/2 1063/369/2
f 1073/352/2 1061/372/2 1062/371/2
f 1060/373/2 1092/368/2 1059/370/2
f 1073/352/2 1060/373/2 1061/372/2
f 1073/352/2 1092/368/2 1060/373/2
f 1073/352/2 1091/374/2 1092/368/2
f 1073/352/2 1090/375/2 1091/374/2
f 1073/352/2 1089/376/2 1090/375/2
f 1074/377/2 1089/376/2 1073/352/2
f 1075/378/2 1089/376/2 1074/377/2
f 1076/379/2 1089/376/2 1075/378/2
f 1076/379/2 1088/380/2 1089/376/2
f 1077/381/2 1088/380/2 1076/379/2
f 1078/382/2 1088/380/2 1077/381/2
f 1078/382/2 1087/383/2 1088/380/2
f 1079/384/2 1087/383/2 1078/382/2
f 1080/385/2 1087/383/2 1079/384/2
f 1081/386/2 1087/383/2 1080/385/2
f 1081/386/2 1086/387/2 1087/383/2
f 1082/388/2 1086/387/2 1081/386/2
f 1083/389/2 1086/387/2 1082/388/2
f 1083/389/2 1085/390/2 1086/387/2
f 1084/391/2 1085/390/2 1083/389/2
f 1147/392/2 1218/394/2 1146/393/2
f 1148/395/2 1218/394/2 1147/392/2
f 1149/396/2 1218/394/2 1148/395/2
f 1149/396/2 1217/397/2 1218/394/2
f 1149/396/2 1216/398/2 1217/397/2
f 1150/399/2 1216/398/2 1149/396/2
f 1150/399/2 1215/400/2 1216/398/2
f 1150/399/2 1214/401/2 1215/400/2
f 1151/402/2 1214/401/2 1150/399/2
f 1151/402/2 1213/403/2 1214/401/2
f 1151/402/2 1212/404/2 1213/403/2
f 1152/405/2 1212/404/2 1151/402/2
f 1152/405/2 1211/406/2 1212/404/2
f 1152/405/2 1210/407/2 1211/406/2
f 1153/408/2 1210/407/2 1152/405/2
f 1153/408/2 1209/409/2 1210/407/2
f 1154/410/2 1209/409/2 1153/408/2
f 1154/410/2 1208/411/2 1209/409/2
f 1154/410/2 1207/412/2 1208/411/2
f 1155/413/2 1207/412/2 1154/410/2
f 1195/414/2 1193/416/2 1194/415/2
f 1196/417/2 1193/416/2 1195/414/2
f 1197/418/2 1193/416/2 1196/417/2
f 1197/418/2 1192/419/2 1193/416/2
f 1198/420/2 1192/419/2 1197/418/2
f 1199/421/2 1192/419/2 1198/420/2
f 1155/413/2 1206/422/2 1207/412/2
f 1200/423/2 1192/419/2 1199/421/2
f 1200/423/2 1191/424/2 1192/419/2
f 1201/425/2 1191/424/2 1200/423/2
f 1202/426/2 1191/424/2 1201/425/2
f 1203/427/2 1191/424/2 1202/426/2
f 1203/427/2 1190/428/2 1191/424/2
f 1204/429/2 1190/428/2 1203/427/2
f 1205/430/2 1190/428/2 1204/429/2
f 1206/422/2 1190/428/2 1205/430/2
f 1206/422/2 1189/431/2 1190/428/2
f 1155/413/2 1189/431/2 1206/422/2
f 1156/432/2 1189/431/2 1155/413/2
f 1156/432/2 1188/433/2 1189/431/2
f 1156/432/2 1187/434/2 1188/433/2
f 1157/435/2 1228/436/2 1156/432/2
f 1228/436/2 1229/437/2 1156/432/2
f 1229/437/2 1187/434/2 1156/432/2
f 1229/437/2 1230/438/2 1187/434/2
f 1230/438/2 1231/439/2 1187/434/2
f 1231/439/2 1186/440/2 1187/434/2
f 1232/441/2 1186/440/2 1231/439/2
f 1233/442/2 1186/440/2 1232/441/2
f 1157/435/2 1227/443/2 1228/436/2
f 1157/435/2 1226/444/2 1227/443/2
f 1234/445/2 1186/440/2 1233/442/2
f 1234/445/2 1185/446/2 1186/440/2
f 1157/435/2 1225/447/2 1226/444/2
f 1157/435/2 1224/448/2 1225/447/2
f 1235/449/2 1185/446/2 1234/445/2
f 1157/435/2 1223/450/2 1224/448/2
f 1236/451/2 1185/446/2 1235/449/2
f 1157/435/2 1222/452/2 1223/450/2
f 1157/435/2 1221/453/2 1222/452/2
f 1237/454/2 1185/446/2 1236/451/2
f 1157/435/2 1220/455/2 1221/453/2
f 1158/456/2 1220/455/2 1157/435/2
f 1237/454/2 1184/457/2 1185/446/2
f 1158/456/2 1219/458/2 1220/455/2
f 1238/459/2 1184/457/2 1237/454/2
f 1158/456/2 1266/460/2 1219/458/2
f 1239/461/2 1184/457/2 1238/459/2
f 1240/462/2 1184/457/2 1239/461/2
f 1240/462/2 1183/463/2 1184/457/2
f 1158/456/2 1265/464/2 1266/460/2
f 1241/465/2 1183/463/2 1240/462/2
f 1159/466/2 1265/464/2 1158/456/2
f 1242/467/2 1183/463/2 1241/465/2
f 1242/467/2 1182/468/2 1183/463/2
f 1159/466/2 1264/469/2 1265/464/2
f 1256/470/2 1254/472/2 1255/471/2
f 1257/473/2 1254/472/2 1256/470/2
f 1257/473/2 1253/474/2 1254/472/2
f 1243/475/2 1182/468/2 1242/467/2
f 1159/466/2 1263/476/2 1264/469/2
f 1258/477/2 1253/474/2 1257/473/2
f 1258/477/2 1252/478/2 1253/474/2
f 1259/479/2 1252/478/2 1258/477/2
f 1260/480/2 1252/478/2 1259/479/2
f 1159/466/2 1262/481/2 1263/476/2
f 1260/480/2 1251/482/2 1252/478/2
f 1261/483/2 1251/482/2 1260/480/2
f 1159/466/2 1261/483/2 1262/481/2
f 1160/484/2 1261/483/2 1159/466/2
f 1160/484/2 1251/482/2 1261/483/2
f 1244/485/2 1182/468/2 1243/475/2
f 1244/485/2 1181/486/2 1182/468/2
f 1160/484/2 1250/487/2 1251/482/2
f 1160/484/2 1249/488/2 1250/487/2
f 1245/489/2 1181/486/2 1244/485/2
f 1160/484/2 1248/490/2 1249/488/2
f 1160/484/2 1247/491/2 1248/490/2
f 1246/492/2 1181/486/2 1245/489/2
f 1160/484/2 1246/492/2 1247/491/2
f 1160/484/2 1181/486/2 1246/492/2
f 1160/484/2 1180/493/2 1181/486/2
f 1161/494/2 1180/493/2 1160/484/2
f 1161/494/2 1179/495/2 1180/493/2
f 1162/496/2 1179/495/2 1161/494/2
f 1162/496/2 1178/497/2 1179/495/2
f 1163/498/2 1178/497/2 1162/496/2
f 1163/498/2 1177/499/2 1178/497/2
f 1164/500/2 1177/499/2 1163/498/2
f 1164/500/2 1176/501/2 1177/499/2
f 1165/502/2 1176/501/2 1164/500/2
f 1165/502/2 1175/503/2 1176/501/2
f 1166/504/2 1175/503/2 1165/502/2
f 1166/504/2 1174/505/2 1175/503/2
f 1167/506/2 1174/505/2 1166/504/2
f 1167/506/2 1173/507/2 1174/505/2
f 1168/508/2 1173/507/2 1167/506/2
f 1168/508/2 1172/509/2 1173/507/2
f 1169/510/2 1172/509/2 1168/508/2
f 1169/510/2 1171/511/2 1172/509/2
f 1170/512/2 1171/511/2 1169/510/2
f 635/513/2 706/515/2 634/514/2
f 636/516/2 706/515/2 635/513/2
f 637/517/2 706/515/2 636/516/2
f 637/517/2 705/518/2 706/515/2
f 637/517/2 704/519/2 705/518/2
f 638/520/2 704/519/2 637/517/2
f 638/520/2 703/521/2 704/519/2
f 638/520/2 702/522/2 703/521/2
f 639/523/2 702/522/2 638/520/2
f 639/523/2 701/524/2 702/522/2
f 639/523/2 700/525/2 701/524/2
f 640/526/2 700/525/2 639/523/2
f 640/526/2 699/527/2 700/525/2
f 640/526/2 698/528/2 699/527/2
f 641/529/2 698/528/2 640/526/2
f 641/529/2 697/530/2 698/528/2
f 642/531/2 697/530/2 641/529/2
f 642/531/2 696/532/2 697/530/2
f 642/531/2 695/533/2 696/532/2
f 643/534/2 695/533/2 642/531/2
f 683/535/2 681/537/2 682/536/2
f 684/538/2 681/537/2 683/535/2
f 685/539/2 681/537/2 684/538/2
f 685/539/2 680/540/2 681/537/2
f 686/541/2 680/540/2 685/539/2
f 687/542/2 680/540/2 686/541/2
f 643/534/2 694/543/2 695/533/2
f 688/544/2 680/540/2 687/542/2
f 688/544/2 679/545/2 680/540/2
f 689/546/2 679/545/2 688/544/2
f 690/547/2 679/545/2 689/546/2
f 691/548/2 679/545/2 690/547/2
f 691/548/2 678/549/2 679/545/2
f 692/550/2 678/549/2 691/548/2
f 693/551/2 678/549/2 692/550/2
f 694/543/2 678/549/2 693/551/2
f 694/543/2 677/552/2 678/549/2
f 643/534/2 677/552/2 694/543/2
f 644/553/2 677/552/2 643/534/2
f 644/553/2 676/554/2 677/552/2
f 644/553/2 675/555/2 676/554/2
f 645/556/2 716/557/2 644/553/2
f 716/557/2 717/558/2 644/553/2
f 717/558/2 675/555/2 644/553/2
f 717/558/2 718/559/2 675/555/2
f 718/559/2 719/560/2 675/555/2
f 719/560/2 674/561/2 675/555/2
f 720/562/2 674/561/2 719/560/2
f 721/563/2 674/561/2 720/562/2
f 645/556/2 715/564/2 716/557/2
f 645/556/2 714/565/2 715/564/2
f 722/566/2 674/561/2 721/563/2
f 722/566/2 673/567/2 674/561/2
f 645/556/2 713/568/2 714/565/2
f 645/556/2 712/569/2 713/568/2
f 723/570/2 673/567/2 722/566/2
f 645/556/2 711/571/2 712/569/2
f 724/572/2 673/567/2 723/570/2
f 645/556/2 710/573/2 711/571/2
f 645/556/2 709/574/2 710/573/2
f 725/575/2 673/567/2 724/572/2
f 645/556/2 708/576/2 709/574/2
f 646/577/2 708/576/2 645/556/2
f 725/575/2 672/578/2 673/567/2
f 646/577/2 707/579/2 708/576/2
f 726/580/2 672/578/2 725/575/2
f 646/577/2 754/581/2 707/579/2
f 727/582/2 672/578/2 726/580/2
f 728/583/2 672/578/2 727/582/2
f 728/583/2 671/584/2 672/578/2
f 646/577/2 753/585/2 754/581/2
f 729/586/2 671/584/2 728/583/2
f 647/587/2 753/585/2 646/577/2
f 730/588/2 671/584/2 729/586/2
f 730/588/2 670/589/2 671/584/2
f 647/587/2 752/590/2 753/585/2
f 731/591/2 670/589/2 730/588/2
f 732/592/2 670/589/2 731/591/2
f 732/592/2 669/593/2 670/589/2
f 648/594/2 752/590/2 647/587/2
f 648/594/2 751/595/2 752/590/2
f 733/596/2 669/593/2 732/592/2
f 648/594/2 750/597/2 751/595/2
f 734/598/2 669/593/2 733/596/2
f 734/598/2 668/599/2 669/593/2
f 735/600/2 668/599/2 734/598/2
f 648/594/2 749/601/2 750/597/2
f 649/602/2 749/601/2 648/594/2
f 736/603/2 668/599/2 735/600/2
f 649/602/2 748/604/2 749/601/2
f 737/605/2 668/599/2 736/603/2
f 737/605/2 667/606/2 668/599/2
f 649/602/2 747/607/2 748/604/2
f 738/608/2 667/606/2 737/605/2
f 649/602/2 746/609/2 747/607/2
f 739/610/2 667/606/2 738/608/2
f 740/611/2 667/606/2 739/610/2
f 649/602/2 745/612/2 746/609/2
f 741/613/2 667/606/2 740/611/2
f 650/614/2 745/612/2 649/602/2
f 650/614/2 744/615/2 745/612/2
f 742/616/2 667/606/2 741/613/2
f 650/614/2 743/617/2 744/615/2
f 743/617/2 667/606/2 742/616/2
f 650/614/2 667/606/2 743/617/2
f 650/614/2 666/618/2 667/606/2
f 651/619/2 666/618/2 650/614/2
f 651/619/2 665/620/2 666/618/2
f 652/621/2 665/620/2 651/619/2
f 652/621/2 664/622/2 665/620/2
f 653/623/2 664/622/2 652/621/2
f 653/623/2 663/624/2 664/622/2
f 654/625/2 663/624/2 653/623/2
f 654/625/2 662/626/2 663/624/2
f 655/627/2 662/626/2 654/625/2
f 655/627/2 661/628/2 662/626/2
f 656/629/2 661/628/2 655/627/2
f 656/629/2 660/630/2 661/628/2
f 657/631/2 660/630/2 656/629/2
f 657/631/2 659/632/2 660/630/2
f 658/633/2 659/632/2 657/631/2
f 416/634/3 417/635/4 1050/636/4 1049/637/3
f 170/638/5 171/639/5 804/640/5 803/641/5
f 268/642/6 269/643/6 902/644/6 901/645/6
f 602/646/7 603/647/7 1236/648/7 1235/649/7
f 305/650/8 306/651/8 939/652/8 938/653/8
f 43/654/9 44/655/9 677/656/9 676/657/9
f 306/651/10 307/658/10 940/659/10 939/652/10
f 250/660/11 203/661/11 836/662/11 883/663/11
f 267/664/12 268/665/12 901/666/12 900/667/12
f 462/668/13 463/669/13 1096/670/13 1095/671/13
f 167/672/14 168/673/15 801/674/15 800/675/14
f 227/661/16 228/676/16 861/677/16 860/662/16
f 42/678/17 43/679/17 676/680/17 675/681/17
f 193/682/18 194/683/18 827/684/18 826/685/18
f 589/686/19 590/687/19 1223/688/19 1222/689/19
f 417/635/4 418/690/20 1051/691/20 1050/636/4
f 11/692/21 12/693/21 645/694/21 644/695/21
f 168/673/15 169/696/22 802/697/22 801/674/15
f 192/698/23 193/682/24 826/685/24 825/699/23
f 588/700/25 589/686/25 1222/689/25 1221/701/25
f 418/690/26 419/702/26 1052/703/26 1051/691/26
f 169/696/27 170/638/27 803/641/27 802/697/27
f 178/704/28 179/661/28 812/662/28 811/705/28
f 194/683/29 195/706/29 828/707/29 827/684/29
f 603/647/30 604/708/30 1237/709/30 1236/648/30
f 500/710/31 501/711/31 1134/712/31 1133/713/31
f 83/714/32 84/715/32 717/716/32 716/717/32
f 295/718/33 294/661/33 927/662/33 928/719/33
f 461/720/34 462/668/34 1095/671/34 1094/721/34
f 499/722/35 500/710/35 1133/713/35 1132/723/35
f 270/661/36 317/718/36 950/719/36 903/662/36
f 191/724/37 192/698/23 825/699/23 824/725/37
f 587/726/38 588/700/38 1221/701/38 1220/727/38
f 419/702/39 420/728/39 1053/729/39 1052/703/39
f 501/711/40 502/730/40 1135/731/40 1134/712/40
f 84/715/41 85/732/41 718/733/41 717/716/41
f 524/693/42 525/734/42 1158/735/42 1157/694/42
f 190/736/43 191/724/43 824/725/43 823/737/43
f 439/738/44 440/739/44 1073/740/44 1072/741/44
f 502/730/45 503/742/45 1136/743/45 1135/731/45
f 319/744/46 318/661/46 951/662/46 952/745/46
f 85/732/47 86/746/47 719/747/47 718/733/47
f 282/651/48 283/650/48 916/653/48 915/652/48
f 341/748/49 340/749/49 973/750/49 974/751/49
f 551/752/50 552/753/50 1185/754/50 1184/755/50
f 438/756/51 439/757/51 1072/758/51 1071/759/51
f 281/658/52 282/651/52 915/652/52 914/659/52
f 498/760/53 499/722/53 1132/723/53 1131/761/53
f 41/762/54 42/678/54 675/681/54 674/763/54
f 586/764/55 587/726/55 1220/727/55 1219/765/55
f 437/766/56 438/756/56 1071/759/56 1070/767/56
f 503/742/57 504/768/57 1137/769/57 1136/743/57
f 249/770/58 250/660/58 883/663/58 882/771/58
f 86/746/59 87/772/59 720/773/59 719/747/59
f 280/774/60 281/658/60 914/659/60 913/775/60
f 604/776/61 605/777/61 1238/778/61 1237/779/61
f 420/728/62 421/780/62 1054/781/62 1053/729/62
f 228/676/63 229/782/63 862/783/63 861/677/63
f 283/650/64 284/784/64 917/785/64 916/653/64
f 504/768/65 505/786/65 1138/787/65 1137/769/65
f 87/772/66 88/788/66 721/789/66 720/773/66
f 195/706/67 196/790/67 829/791/67 828/707/67
f 633/792/68 586/793/68 1219/794/68 1266/795/68
f 436/796/69 437/766/69 1070/767/69 1069/797/69
f 505/786/70 506/798/70 1139/799/70 1138/787/70
f 320/800/71 319/744/71 952/745/71 953/801/71
f 605/777/72 606/802/72 1239/803/72 1238/778/72
f 421/780/73 422/804/73 1055/805/73 1054/781/73
f 156/806/74 157/807/74 790/808/74 789/809/74
f 82/810/75 83/714/75 716/717/75 715/811/75
f 189/812/76 190/736/76 823/737/76 822/813/76
f 606/802/77 607/814/77 1240/815/77 1239/803/77
f 497/816/78 498/760/78 1131/761/78 1130/817/78
f 81/818/79 82/810/79 715/811/79 714/819/79
f 269/820/80 251/821/80 884/822/80 902/823/80
f 460/824/81 461/720/81 1094/721/81 1093/825/81
f 506/798/82 507/826/82 1140/827/82 1139/799/82
f 296/828/83 295/718/83 928/719/83 929/829/83
f 88/788/84 89/830/84 722/831/84 721/789/84
f 317/718/85 316/828/85 949/829/85 950/719/85
f 550/832/86 551/752/86 1184/755/86 1183/833/86
f 435/834/87 436/796/87 1069/797/87 1068/835/87
f 507/826/88 508/836/88 1141/837/88 1140/827/88
f 266/838/89 267/839/89 900/840/89 899/841/89
f 340/749/90 339/842/90 972/843/90 973/750/90
f 40/753/91 41/762/91 674/763/91 673/754/91
f 632/844/92 633/792/92 1266/795/92 1265/845/92
f 434/846/93 435/834/93 1068/835/93 1067/847/93
f 508/836/94 509/848/94 1142/849/94 1141/837/94
f 279/850/95 280/851/95 913/852/95 912/853/95
f 607/814/96 608/854/96 1241/855/96 1240/815/96
f 422/804/97 423/856/97 1056/857/97 1055/805/97
f 80/858/98 81/818/98 714/819/98 713/859/98
f 284/784/99 285/860/99 918/861/99 917/785/99
f 248/862/100 249/770/100 882/771/100 881/863/100
f 525/734/101 526/864/101 1159/865/101 1158/735/101
f 496/866/102 497/816/102 1130/817/102 1129/867/102
f 229/782/103 230/868/103 863/869/103 862/783/103
f 79/870/104 80/858/104 713/859/104 712/871/104
f 196/790/105 197/872/105 830/873/105 829/791/105
f 433/874/106 434/846/106 1067/847/106 1066/875/106
f 509/848/107 510/876/107 1143/877/107 1142/849/107
f 89/830/108 90/878/108 723/879/108 722/831/108
f 608/854/109 609/880/109 1242/881/109 1241/855/109
f 423/882/110 424/883/110 1057/884/110 1056/885/110
f 510/876/111 511/886/111 1144/887/111 1143/877/111
f 321/888/112 320/800/112 953/801/112 954/889/112
f 188/890/113 189/812/113 822/813/113 821/891/113
f 157/807/114 158/892/114 791/893/114 790/808/114
f 78/894/115 79/870/115 712/871/115 711/895/115
f 549/896/116 550/832/116 1183/833/116 1182/897/116
f 432/898/117 433/874/117 1066/875/117 1065/899/117
f 90/878/7 91/900/7 724/901/7 723/879/7
f 278/902/118 279/850/118 912/853/118 911/903/118
f 495/904/119 496/866/119 1129/867/119 1128/905/119
f 258/906/120 259/907/120 892/908/120 891/909/120
f 285/860/121 286/910/121 919/911/121 918/861/121
f 631/912/122 632/844/122 1265/845/122 1264/913/122
f 431/914/123 432/898/123 1065/899/123 1064/915/123
f 511/886/124 512/916/124 1145/917/124 1144/887/124
f 622/918/125 623/919/125 1256/920/125 1255/921/125
f 424/883/126 425/922/126 1058/923/126 1057/884/126
f 257/924/127 258/906/127 891/909/127 890/925/127
f 77/926/19 78/894/19 711/895/19 710/927/19
f 197/928/128 198/929/128 831/930/128 830/931/128
f 512/932/129 366/933/129 999/934/129 1145/935/129
f 621/936/52 622/918/52 1255/921/52 1254/937/52
f 177/938/130 178/704/130 811/705/130 810/939/130
f 76/940/25 77/926/25 710/927/25 709/941/25
f 623/919/131 624/942/131 1257/943/131 1256/920/131
f 459/944/132 460/824/132 1093/825/132 1092/945/132
f 259/907/133 260/946/133 893/947/133 892/908/133
f 91/900/30 92/948/30 725/949/30 724/901/30
f 187/950/134 188/890/134 821/891/134 820/951/134
f 375/952/135 376/953/135 1009/954/135 1008/955/135
f 286/902/136 287/956/136 920/957/136 919/903/136
f 430/958/137 431/914/137 1064/915/137 1063/959/137
f 620/960/138 621/936/138 1254/937/138 1253/961/138
f 425/922/139 426/962/139 1059/963/139 1058/923/139
f 376/953/140 377/964/140 1010/965/140 1009/954/140
f 247/966/141 248/862/141 881/863/141 880/967/141
f 75/968/38 76/940/38 709/941/38 708/969/38
f 609/880/142 610/970/142 1243/971/142 1242/881/142
f 12/693/42 13/734/42 646/735/42 645/694/42
f 277/956/143 278/902/143 911/903/143 910/957/143
f 377/972/144 378/973/144 1011/974/144 1010/975/144
f 256/976/145 257/924/145 890/925/145 889/977/145
f 429/978/146 430/958/146 1063/959/146 1062/979/146
f 339/842/147 338/980/147 971/981/147 972/843/147
f 186/982/148 187/950/148 820/951/148 819/983/148
f 630/984/149 631/912/149 1264/913/149 1263/985/149
f 39/752/50 40/753/50 673/754/50 672/755/50
f 198/929/150 199/986/150 832/987/150 831/930/150
f 624/942/151 625/988/151 1258/989/151 1257/943/151
f 428/990/152 429/978/152 1062/979/152 1061/991/152
f 426/962/153 427/992/153 1060/993/153 1059/963/153
f 494/994/154 495/904/154 1128/905/154 1127/995/154
f 297/996/155 296/828/155 929/829/155 930/997/155
f 74/998/55 75/968/55 708/969/55 707/999/55
f 287/956/156 288/1000/156 921/1001/156 920/957/156
f 316/828/157 315/996/157 948/997/157 949/829/157
f 92/776/61 93/777/61 726/778/61 725/779/61
f 619/1002/158 620/960/158 1253/961/158 1252/1003/158
f 493/1004/159 494/1005/159 1127/1006/159 1126/1007/159
f 625/988/160 626/1008/160 1259/1009/160 1258/989/160
f 427/992/161 428/990/161 1061/991/161 1060/993/161
f 230/868/162 231/1010/162 864/1011/162 863/869/162
f 492/1012/163 493/1004/163 1126/1007/163 1125/1013/163
f 121/1014/164 74/793/164 707/794/164 754/1015/164
f 626/1008/165 627/1016/165 1260/1017/165 1259/1009/165
f 378/973/166 379/1018/166 1012/1019/166 1011/974/166
f 93/777/72 94/802/72 727/803/72 726/778/72
f 276/1000/167 277/956/167 910/957/167 909/1001/167
f 458/1020/168 459/944/168 1092/945/168 1091/1021/168
f 322/1022/169 321/888/169 954/889/169 955/1023/169
f 260/946/170 261/1024/170 894/1025/170 893/947/170
f 94/802/77 95/814/77 728/815/77 727/803/77
f 629/1026/171 630/1027/171 1263/1028/171 1262/1029/171
f 457/1030/172 458/1031/172 1091/1032/172 1090/1033/172
f 491/1034/173 492/1012/173 1125/1013/173 1124/1035/173
f 379/1018/174 380/1036/174 1013/1037/174 1012/1019/174
f 158/892/175 159/1038/175 792/1039/175 791/893/175
f 185/1040/176 186/982/176 819/983/176 818/1041/176
f 618/1042/177 619/1002/177 1252/1003/177 1251/1043/177
f 456/1044/178 457/1030/178 1090/1033/178 1089/1045/178
f 38/832/86 39/752/86 672/755/86 671/833/86
f 199/986/179 200/1046/180 833/1047/180 832/987/179
f 627/1016/181 628/1048/181 1261/1049/181 1260/1017/181
f 440/757/182 441/1050/182 1074/1051/182 1073/758/182
f 380/1036/183 381/1052/183 1014/1053/183 1013/1037/183
f 255/1054/184 256/1055/184 889/1056/184 888/1057/184
f 120/1058/185 121/1014/185 754/1015/185 753/1059/185
f 441/1050/186 442/1060/186 1075/1061/186 1074/1051/186
f 381/1052/187 382/1062/187 1015/1063/187 1014/1053/187
f 95/814/96 96/854/96 729/855/96 728/815/96
f 214/1064/188 215/724/188 848/725/188 847/1065/188
f 628/1048/189 629/1026/189 1262/1029/189 1261/1049/189
f 246/1066/190 247/966/190 880/967/190 879/1067/190
f 215/724/191 216/1068/191 849/1069/191 848/725/191
f 526/864/192 527/1070/192 1160/1071/192 1159/865/192
f 442/1060/193 443/1072/193 1076/1073/193 1075/1061/193
f 338/1074/194 337/1075/194 970/1076/194 971/1077/194
f 13/734/195 14/1078/195 647/1079/195 646/735/195
f 490/1080/196 491/1034/196 1124/1035/196 1123/1081/196
f 216/1068/197 217/1082/197 850/1083/197 849/1069/197
f 382/1062/198 383/1084/198 1016/1085/198 1015/1063/198
f 231/1010/199 232/1086/199 865/1087/199 864/1011/199
f 96/854/109 97/880/109 730/881/109 729/855/109
f 610/970/200 611/1088/200 1244/1089/200 1243/971/200
f 455/1090/201 456/1044/201 1089/1045/201 1088/1091/201
f 443/1072/202 444/1092/202 1077/1093/202 1076/1073/202
f 383/1084/203 384/1094/203 1017/1095/203 1016/1085/203
f 213/1096/204 214/1064/204 847/1065/204 846/1097/204
f 323/1098/205 322/1022/205 955/1023/205 956/1099/205
f 37/896/116 38/832/116 671/833/116 670/897/116
f 548/1100/206 549/896/206 1182/897/206 1181/1101/206
f 444/1092/207 445/1102/207 1078/1103/207 1077/1093/207
f 384/1094/208 385/1104/208 1018/1105/208 1017/1095/208
f 261/1024/209 262/1106/209 895/1107/209 894/1025/209
f 353/1108/210 354/651/210 987/652/210 986/1109/210
f 119/1110/211 120/1058/211 753/1059/211 752/1111/211
f 354/651/212 355/1112/212 988/1113/212 987/652/212
f 617/1114/213 618/1042/213 1251/1043/213 1250/1115/213
f 97/880/142 98/970/142 731/971/142 730/881/142
f 454/1116/214 455/1090/214 1088/1091/214 1087/1117/214
f 489/1118/215 490/1080/215 1123/1081/215 1122/1119/215
f 298/1120/216 297/996/216 930/997/216 931/1121/216
f 616/1122/217 617/1114/217 1250/1115/217 1249/1123/217
f 445/1102/218 446/1124/218 1079/1125/218 1078/1103/218
f 385/1126/219 386/1127/219 1019/1128/219 1018/1129/219
f 315/996/220 314/1120/220 947/1121/220 948/997/220
f 98/970/221 99/1130/221 732/1131/221 731/971/221
f 352/1132/222 353/1108/222 986/1109/222 985/1133/222
f 611/1088/223 612/1134/223 1245/1135/223 1244/1089/223
f 355/1112/224 356/1136/224 989/1137/224 988/1113/224
f 446/1124/225 447/1138/225 1080/1139/225 1079/1125/225
f 386/1127/226 387/1140/226 1020/1141/226 1019/1128/226
f 245/1142/227 246/1143/227 879/1144/227 878/1145/227
f 36/1146/228 37/896/228 670/897/228 669/1147/228
f 288/1000/229 289/1148/229 922/1149/229 921/1001/229
f 615/1150/230 616/1122/230 1249/1123/230 1248/1151/230
f 447/1138/231 448/1152/231 1081/1153/231 1080/1139/231
f 337/1075/232 336/1154/232 969/1155/232 970/1076/232
f 14/1078/233 15/1156/233 648/1157/233 647/1079/233
f 488/1158/234 489/1118/234 1122/1119/234 1121/1159/234
f 356/1136/235 357/1160/235 990/1161/235 989/1137/235
f 614/1162/236 615/1150/236 1248/1151/236 1247/1163/236
f 387/1140/237 388/1164/237 1021/1165/237 1020/1141/237
f 232/1086/238 233/1166/238 866/1167/238 865/1087/238
f 612/1168/239 613/1169/239 1246/1170/239 1245/1171/239
f 453/1172/240 454/1116/240 1087/1117/240 1086/1173/240
f 118/1174/241 119/1110/241 752/1111/241 751/1175/241
f 448/1152/242 449/1176/242 1082/1177/242 1081/1153/242
f 159/1038/243 160/1178/243 793/1179/243 792/1039/243
f 99/1130/244 100/1180/244 733/1181/244 732/1131/244
f 275/1148/245 276/1000/245 909/1001/245 908/1149/245
f 374/1182/246 375/952/246 1008/955/246 1007/1183/246
f 251/643/247 252/1184/247 885/1185/247 884/644/247
f 613/1169/248 614/1162/248 1247/1163/248 1246/1170/248
f 449/1176/249 450/1186/249 1083/1187/249 1082/1177/249
f 388/1164/250 389/1188/250 1022/1189/250 1021/1165/250
f 176/1190/251 177/938/251 810/939/251 809/1191/251
f 117/1192/252 118/1174/252 751/1175/252 750/1193/252
f 217/1082/253 218/1194/253 851/1195/253 850/1083/253
f 100/1180/254 101/1196/254 734/1197/254 733/1181/254
f 547/1198/255 548/1100/255 1181/1101/255 1180/1199/255
f 452/1200/256 453/1172/256 1086/1173/256 1085/1201/256
f 487/1202/257 488/1158/257 1121/1159/257 1120/1203/257
f 324/1204/258 323/1098/258 956/1099/258 957/1205/258
f 527/1070/259 528/1206/259 1161/1207/259 1160/1071/259
f 450/1186/260 451/1208/260 1084/1209/260 1083/1187/260
f 389/1188/261 390/1210/261 1023/1211/261 1022/1189/261
f 262/1106/209 263/1212/209 896/1213/209 895/1107/209
f 351/1214/262 352/1132/262 985/1133/262 984/1215/262
f 451/1208/263 452/1200/263 1085/1201/263 1084/1209/263
f 35/1216/264 36/1146/264 669/1147/264 668/1217/264
f 513/1218/265 514/1219/265 1147/1220/265 1146/1221/265
f 390/1210/266 391/1222/266 1024/1223/266 1023/1211/266
f 101/1196/267 102/1224/267 735/1225/267 734/1197/267
f 212/1226/268 213/1096/268 846/1097/268 845/1227/268
f 546/1228/269 547/1198/269 1180/1199/269 1179/1229/269
f 254/838/270 255/1054/270 888/1057/270 887/841/270
f 528/1206/271 529/1230/271 1162/1231/271 1161/1207/271
f 585/1232/272 513/1233/272 1146/1234/272 1218/1235/272
f 184/1236/273 185/1237/273 818/1238/273 817/1239/273
f 514/1219/274 515/1240/274 1148/1241/274 1147/1220/274
f 486/1242/275 487/1202/275 1120/1203/275 1119/1243/275
f 244/1244/276 245/1142/276 878/1145/276 877/1245/276
f 116/1246/277 117/1192/277 750/1193/277 749/1247/277
f 336/1154/278 335/1248/278 968/1249/278 969/1155/278
f 15/1156/279 16/1250/279 649/1251/279 648/1157/279
f 350/1252/280 351/1214/280 984/1215/280 983/1253/280
f 545/1254/281 546/1228/281 1179/1229/281 1178/1255/281
f 515/1240/282 516/1256/282 1149/1257/282 1148/1241/282
f 373/1258/283 374/1182/284 1007/1183/284 1006/1259/283
f 218/1194/285 219/1260/285 852/1261/285 851/1195/285
f 529/1230/286 530/1262/286 1163/1263/286 1162/1231/286
f 391/1222/287 392/1264/287 1025/1265/287 1024/1223/287
f 298/1120/288 299/1266/288 932/1267/288 931/1121/288
f 102/1224/289 103/1268/289 736/1269/289 735/1225/289
f 584/1270/290 585/1271/290 1218/1272/290 1217/1273/290
f 314/1120/291 313/1266/292 946/1267/292 947/1121/291
f 358/1274/293 357/1160/293 990/1161/293 991/1275/293
f 544/1276/294 545/1254/294 1178/1255/294 1177/1277/294
f 485/1278/295 486/1242/295 1119/1243/295 1118/1279/295
f 115/1280/296 116/1246/296 749/1247/296 748/1281/296
f 530/1262/297 531/1282/297 1164/1283/297 1163/1263/297
f 583/1284/298 584/1270/298 1217/1273/298 1216/1285/298
f 392/1264/299 393/1286/299 1026/1287/299 1025/1265/299
f 233/1288/300 234/1289/300 867/1290/300 866/1291/300
f 103/1268/301 104/1292/301 737/1293/301 736/1269/301
f 211/1294/302 212/1226/302 845/1227/302 844/1295/302
f 516/1296/303 517/1297/303 1150/1298/303 1149/1299/303
f 349/1248/304 350/1252/304 983/1253/304 982/1249/304
f 543/1300/305 544/1276/305 1177/1277/305 1176/1301/305
f 484/1302/306 485/1278/306 1118/1279/306 1117/1303/306
f 325/1304/307 324/1204/307 957/1205/307 958/1305/307
f 34/1306/308 35/1216/308 668/1217/308 667/1307/308
f 219/1260/309 220/1289/309 853/1290/309 852/1261/309
f 531/1308/310 532/1309/310 1165/1310/310 1164/1311/310
f 582/1312/311 583/1284/311 1216/1285/311 1215/1313/311
f 393/1286/312 394/1314/312 1027/1315/312 1026/1287/312
f 160/1178/313 161/1316/313 794/1317/313 793/1179/313
f 114/1318/314 115/1319/314 748/1320/314 747/1321/314
f 581/1322/315 582/1312/315 1215/1313/315 1214/1323/315
f 263/1212/316 264/1324/316 897/1325/316 896/1213/316
f 104/1326/317 105/1327/317 738/1328/317 737/1329/317
f 359/1330/318 358/1331/318 991/1332/318 992/1333/318
f 542/1334/319 543/1335/319 1176/1336/319 1175/1337/319
f 517/1297/320 518/1338/320 1151/1339/320 1150/1298/320
f 483/1340/321 484/1302/321 1117/1303/321 1116/1341/321
f 532/1309/322 533/1342/322 1166/1343/322 1165/1310/322
f 394/1314/323 395/1344/323 1028/1345/323 1027/1315/323
f 210/1346/324 211/1294/324 844/1295/324 843/1347/324
f 243/1348/325 244/1244/325 877/1245/325 876/1349/325
f 113/1350/326 114/1318/326 747/1321/326 746/1351/326
f 200/1046/180 201/1352/327 834/1353/327 833/1047/180
f 580/1354/328 581/1355/328 1214/1356/328 1213/1357/328
f 105/1327/329 106/1358/329 739/1359/329 738/1328/329
f 541/1360/330 542/1334/330 1175/1337/330 1174/1361/330
f 372/1362/331 373/1258/283 1006/1259/283 1005/1363/331
f 334/1252/332 335/1248/332 968/1249/332 967/1253/332
f 289/1148/333 290/1364/333 923/1365/333 922/1149/333
f 533/1342/334 534/1366/334 1167/1367/334 1166/1343/334
f 579/1368/335 580/1354/335 1213/1357/335 1212/1369/335
f 234/1289/336 235/1260/336 868/1261/336 867/1290/336
f 106/1358/337 107/1370/337 740/1371/337 739/1359/337
f 518/1338/338 519/1372/338 1152/1373/338 1151/1339/338
f 482/1374/339 483/1340/339 1116/1341/339 1115/1375/339
f 275/1148/340 274/1364/340 907/1365/340 908/1149/340
f 395/1376/341 396/1377/341 1029/1378/341 1028/1379/341
f 540/1380/342 541/1360/342 1174/1361/342 1173/1381/342
f 326/1382/343 325/1304/343 958/1305/343 959/1383/343
f 112/1384/344 113/1350/344 746/1351/344 745/1385/344
f 349/1248/345 348/1154/345 981/1155/345 982/1249/345
f 534/1366/346 535/1386/346 1168/1387/346 1167/1367/346
f 578/1388/347 579/1368/347 1212/1369/347 1211/1389/347
f 396/1377/348 397/1390/348 1030/1391/348 1029/1378/348
f 107/1370/349 108/1392/349 741/1393/349 740/1371/349
f 175/1394/350 176/1190/350 809/1191/350 808/1395/350
f 577/1396/351 578/1388/351 1211/1389/351 1210/1397/351
f 299/1266/352 300/1398/352 933/1399/352 932/1267/352
f 16/1250/353 17/1400/353 650/1401/353 649/1251/353
f 183/1402/354 184/1236/354 817/1239/354 816/1403/354
f 539/1404/355 540/1380/355 1173/1381/355 1172/1405/355
f 519/1372/356 520/1406/356 1153/1407/356 1152/1373/356
f 481/1408/357 482/1374/357 1115/1375/357 1114/1409/357
f 535/1386/358 536/1410/358 1169/1411/358 1168/1387/358
f 397/1390/359 398/1412/359 1031/1413/359 1030/1391/359
f 313/1266/292 312/1398/360 945/1399/360 946/1267/292
f 360/1414/361 359/1330/361 992/1333/361 993/1415/361
f 111/1416/362 112/1384/362 745/1385/362 744/1417/362
f 220/1289/363 221/1288/363 854/1291/363 853/1290/363
f 576/1418/364 577/1396/364 1210/1397/364 1209/1419/364
f 108/1392/365 109/1420/365 742/1421/365 741/1393/365
f 538/1422/366 539/1404/366 1172/1405/366 1171/1423/366
f 520/1406/367 521/1424/367 1154/1425/367 1153/1407/367
f 480/1426/368 481/1408/368 1114/1409/368 1113/1427/368
f 242/1428/369 243/1348/369 876/1349/369 875/1429/369
f 536/1410/370 537/1430/370 1170/1431/370 1169/1411/370
f 398/1412/371 399/1432/371 1032/1433/371 1031/1413/371
f 209/1434/372 210/1435/372 843/1436/372 842/1437/372
f 537/1430/373 538/1422/373 1171/1423/373 1170/1431/373
f 333/1214/374 334/1252/374 967/1253/374 966/1215/374
f 110/1438/375 111/1416/375 744/1417/375 743/1439/375
f 348/1154/376 347/1075/376 980/1076/376 981/1155/376
f 1/1440/265 2/1441/265 635/1442/265 634/1443/265
f 575/1444/377 576/1418/377 1209/1419/377 1208/1445/377
f 399/1432/378 400/1446/378 1033/1447/378 1032/1433/378
f 235/1260/379 236/1194/379 869/1195/379 868/1261/379
f 109/1420/380 110/1438/380 743/1439/380 742/1421/380
f 73/1232/272 1/1233/272 634/1234/272 706/1235/272
f 574/1448/381 575/1444/381 1208/1445/381 1207/1449/381
f 400/1446/382 401/1450/382 1034/1451/382 1033/1447/382
f 326/1274/383 327/1160/383 960/1161/383 959/1275/383
f 361/1452/384 360/1414/384 993/1415/384 994/1453/384
f 2/1441/274 3/1454/274 636/1455/274 635/1442/274
f 521/1424/385 522/1456/385 1155/1457/385 1154/1425/385
f 221/1458/386 222/1459/386 855/1460/386 854/1461/386
f 264/1324/133 265/1462/133 898/1463/133 897/1325/133
f 33/1464/387 34/1306/387 667/1307/387 666/1465/387
f 3/1454/282 4/1466/282 637/1467/282 636/1455/282
f 561/1468/388 562/1469/388 1195/1470/388 1194/1471/388
f 479/1472/389 480/1473/389 1113/1474/389 1112/1475/389
f 17/1400/390 18/1476/390 651/1477/390 650/1401/390
f 401/1450/391 402/1478/391 1035/1479/391 1034/1451/391
f 161/1480/392 162/1481/392 795/1482/392 794/1483/392
f 291/1484/393 290/1364/393 923/1365/393 924/1485/393
f 560/1486/394 561/1468/394 1194/1471/394 1193/1487/394
f 274/1364/395 273/1484/395 906/1485/395 907/1365/395
f 72/1488/290 73/1489/290 706/1490/290 705/1491/290
f 562/1469/396 563/1492/396 1196/1493/396 1195/1470/396
f 402/1494/44 403/1495/44 1036/1496/44 1035/1497/44
f 32/1498/397 33/1464/397 666/1465/397 665/1499/397
f 332/1132/398 333/1214/398 966/1215/398 965/1133/398
f 18/1476/399 19/1500/399 652/1501/399 651/1477/399
f 71/1502/298 72/1488/298 705/1491/298 704/1503/298
f 563/1492/400 564/1504/400 1197/1505/400 1196/1493/400
f 208/1506/401 209/1434/401 842/1437/401 841/1507/401
f 4/1296/303 5/1297/303 638/1298/303 637/1299/303
f 478/1508/402 479/1472/402 1112/1475/402 1111/1509/402
f 241/1510/403 242/1428/403 875/1429/403 874/1511/403
f 327/1160/404 328/1136/404 961/1137/404 960/1161/404
f 31/1512/405 32/1498/405 665/1499/405 664/1513/405
f 182/1514/406 183/1402/406 816/1403/406 815/1515/406
f 559/1516/407 560/1486/407 1193/1487/407 1192/1517/407
f 371/1518/408 372/1362/331 1005/1363/331 1004/1519/408
f 19/1500/409 20/1520/409 653/1521/409 652/1501/409
f 347/1075/410 346/1522/410 979/1523/410 980/1076/410
f 70/1524/311 71/1502/311 704/1503/311 703/1525/311
f 564/1504/411 565/1526/411 1198/1527/411 1197/1505/411
f 236/1194/412 237/1082/412 870/1083/412 869/1195/412
f 477/1528/413 478/1508/413 1111/1509/413 1110/1529/413
f 69/1530/315 70/1524/315 703/1525/315 702/1531/315
f 138/839/44 139/1184/44 772/1185/44 771/840/44
f 565/1526/414 566/1532/414 1199/1533/414 1198/1527/414
f 265/1462/120 266/1534/120 899/1535/120 898/1463/120
f 30/1536/415 31/1512/415 664/1513/415 663/1537/415
f 362/1538/416 361/1452/416 994/1453/416 995/1539/416
f 5/1297/417 6/1338/417 639/1339/417 638/1298/417
f 476/1540/418 477/1528/418 1110/1529/418 1109/1541/418
f 20/1520/419 21/1542/419 654/1543/419 653/1521/419
f 201/1352/327 202/1544/420 835/1545/420 834/1353/327
f 136/1546/421 137/839/421 770/840/421 769/1547/421
f 573/1548/422 574/1448/422 1207/1449/422 1206/1549/422
f 475/1550/423 476/1540/423 1109/1541/423 1108/1551/423
f 331/1108/424 332/1132/424 965/1133/424 964/1109/424
f 222/1459/425 223/1552/425 856/1553/425 855/1460/425
f 68/1354/328 69/1355/328 702/1356/328 701/1357/328
f 137/1554/426 138/1555/426 771/1556/426 770/1557/426
f 566/1532/427 567/1558/427 1200/1559/427 1199/1533/427
f 328/1136/428 329/1560/428 962/1561/428 961/1137/428
f 29/1562/429 30/1536/429 663/1537/429 662/1563/429
f 135/839/430 136/1546/430 769/1547/430 768/840/430
f 474/1564/431 475/1550/431 1108/1551/431 1107/1565/431
f 21/1542/432 22/1566/432 655/1567/432 654/1543/432
f 67/1368/335 68/1354/335 701/1357/335 700/1369/335
f 207/1568/433 208/1506/433 841/1507/433 840/1569/433
f 6/1338/338 7/1372/338 640/1373/338 639/1339/338
f 134/1570/426 135/1571/426 768/1572/426 767/1573/426
f 558/1574/434 559/1516/434 1192/1517/434 1191/1575/434
f 473/1576/435 474/1564/435 1107/1565/435 1106/1577/435
f 240/1578/436 241/1510/436 874/1511/436 873/1579/436
f 346/1522/437 345/1580/437 978/1581/437 979/1523/437
f 567/1558/438 568/1582/438 1201/1583/438 1200/1559/438
f 237/1082/439 238/1068/439 871/1069/439 870/1083/439
f 28/1584/440 29/1562/440 662/1563/440 661/1585/440
f 133/1586/441 134/1570/441 767/1573/441 766/1587/441
f 472/1588/442 473/1576/442 1106/1577/442 1105/1589/442
f 22/1566/443 23/1590/443 656/1591/443 655/1567/443
f 66/1388/347 67/1368/347 700/1369/347 699/1389/347
f 568/1582/444 569/1592/444 1202/1593/444 1201/1583/444
f 292/1594/445 291/1484/445 924/1485/445 925/1595/445
f 132/1596/446 133/1597/446 766/1598/446 765/1599/446
f 471/1600/447 472/1601/447 1105/1602/447 1104/1603/447
f 252/1604/80 253/664/80 886/667/80 885/1605/80
f 273/1484/448 272/1594/448 905/1595/448 906/1485/448
f 65/1396/351 66/1388/351 699/1389/351 698/1397/351
f 569/1592/449 570/1606/449 1203/1607/449 1202/1593/449
f 253/1184/450 254/838/450 887/841/450 886/1185/450
f 27/1608/451 28/1584/451 661/1585/451 660/1609/451
f 7/1372/356 8/1406/356 641/1407/356 640/1373/356
f 131/1610/452 132/1596/452 765/1599/452 764/1611/452
f 370/1612/453 371/1518/408 1004/1519/408 1003/1613/453
f 300/1398/454 301/1614/454 934/1615/454 933/1399/454
f 23/1616/455 24/1617/455 657/1618/455 656/1619/455
f 403/1478/456 404/1620/456 1037/1621/456 1036/1479/456
f 363/1622/457 362/1538/457 995/1539/457 996/1623/457
f 130/1624/458 131/1610/458 764/1611/458 763/1625/458
f 557/1626/459 558/1574/459 1191/1575/459 1190/1627/459
f 64/1418/364 65/1396/364 698/1397/364 697/1419/364
f 570/1606/460 571/1628/460 1204/1629/460 1203/1607/460
f 311/1614/461 312/1398/461 945/1399/461 944/1615/461
f 26/1630/462 27/1631/462 660/1632/462 659/1633/462
f 181/1634/463 182/1514/463 815/1515/463 814/1635/463
f 8/1406/367 9/1424/367 642/1425/367 641/1407/367
f 129/1636/464 130/1624/464 763/1625/464 762/1637/464
f 470/1638/465 471/1600/465 1104/1603/465 1103/1639/465
f 24/1617/466 25/1640/466 658/1641/466 657/1618/466
f 223/1552/467 224/1642/467 857/1643/467 856/1553/467
f 571/1628/468 572/1644/468 1205/1645/468 1204/1629/468
f 404/1620/469 405/1646/469 1038/1647/469 1037/1621/469
f 330/651/470 331/1108/470 964/1109/470 963/652/470
f 25/1640/471 26/1630/471 659/1633/471 658/1641/471
f 128/1648/472 129/1649/472 762/1650/472 761/1651/472
f 329/1560/473 330/651/473 963/652/473 962/1561/473
f 63/1444/377 64/1418/377 697/1419/377 696/1445/377
f 572/1644/474 573/1652/474 1206/1653/474 1205/1645/474
f 405/1646/475 406/1654/475 1039/1655/475 1038/1647/475
f 206/1656/476 207/1568/476 840/1569/476 839/1657/476
f 127/1658/477 128/1648/477 761/1651/477 760/1659/477
f 345/1660/478 344/1661/478 977/1662/478 978/1663/478
f 62/1448/381 63/1444/381 696/1445/381 695/1449/381
f 406/1654/479 407/1664/479 1040/1665/479 1039/1655/479
f 9/1424/385 10/1456/385 643/1457/385 642/1425/385
f 126/1666/480 127/1658/480 760/1659/480 759/1667/480
f 556/1668/481 557/1626/481 1190/1627/481 1189/1669/481
f 239/724/482 240/1578/482 873/1579/482 872/725/482
f 238/1068/483 239/724/483 872/725/483 871/1069/483
f 364/1670/484 363/1622/484 996/1623/484 997/1671/484
f 49/1672/388 50/1673/388 683/1674/388 682/1675/388
f 125/1676/480 126/1666/480 759/1667/480 758/1677/480
f 522/1456/485 523/692/485 1156/695/485 1155/1457/485
f 469/1678/486 470/1638/486 1103/1639/486 1102/1679/486
f 224/1642/487 225/1680/487 858/1681/487 857/1643/487
f 407/1664/488 408/1682/488 1041/1683/488 1040/1665/488
f 48/1684/394 49/1672/394 682/1675/394 681/1685/394
f 124/1686/477 125/1676/477 758/1677/477 757/1687/477
f 50/1673/396 51/1688/396 684/1689/396 683/1674/396
f 555/1690/9 556/1668/9 1189/1669/9 1188/1691/9
f 408/1692/489 409/1693/489 1042/1694/489 1041/1695/489
f 174/1560/490 175/1394/490 808/1395/490 807/1561/490
f 293/1696/491 292/1594/491 925/1595/491 926/1697/491
f 123/1698/472 124/1686/472 757/1687/472 756/1699/472
f 162/1481/492 163/1700/492 796/1701/492 795/1482/492
f 272/1594/493 271/1696/493 904/1697/493 905/1595/493
f 51/1688/400 52/1702/400 685/1703/400 684/1689/400
f 554/678/494 555/679/494 1188/680/494 1187/681/494
f 122/1704/495 123/1705/495 756/1706/495 755/1707/495
f 523/692/21 524/693/21 1157/694/21 1156/695/21
f 468/1708/496 469/1678/496 1102/1679/496 1101/1709/496
f 301/1614/497 302/1710/497 935/1711/497 934/1615/497
f 409/1693/498 410/1712/498 1043/1713/498 1042/1694/498
f 205/1714/499 206/1656/500 839/1657/500 838/1715/499
f 47/1716/407 48/1684/407 681/1685/407 680/1717/407
f 154/1718/501 122/1719/501 755/1720/501 787/1721/501
f 52/1702/411 53/1722/411 686/1723/411 685/1703/411
f 595/1724/32 596/1725/32 1229/1726/32 1228/1727/32
f 310/1710/502 311/1614/502 944/1615/502 943/1711/502
f 180/1728/503 181/1634/503 814/1635/503 813/1729/503
f 369/1730/504 370/1612/504 1003/1613/504 1002/1731/504
f 163/1700/505 164/1732/505 797/1733/505 796/1701/505
f 202/1544/506 155/661/506 788/662/506 835/1545/506
f 53/1722/414 54/1734/414 687/1735/414 686/1723/414
f 410/1712/507 411/1736/507 1044/1737/507 1043/1713/507
f 596/1725/41 597/1738/41 1230/1739/41 1229/1726/41
f 344/1661/508 343/1740/508 976/1741/508 977/1662/508
f 153/1742/509 154/1718/509 787/1721/509 786/1743/509
f 173/1744/510 174/1745/510 807/1746/510 806/1747/510
f 61/1548/422 62/1448/422 695/1449/422 694/1549/422
f 139/1555/511 140/1748/511 773/1749/511 772/1556/511
f 597/1738/47 598/1750/47 1231/1751/47 1230/1739/47
f 467/1752/512 468/1708/512 1101/1709/512 1100/1753/512
f 302/910/513 303/860/513 936/861/513 935/911/513
f 54/1734/427 55/1754/427 688/1755/427 687/1735/427
f 140/1756/514 141/1757/514 774/1758/514 773/1759/514
f 411/1736/515 412/1760/515 1045/1761/515 1044/1737/515
f 365/1762/516 364/1670/516 997/1671/516 998/1763/516
f 141/1764/517 142/1765/517 775/1766/517 774/1767/517
f 225/1680/518 226/1768/518 859/1769/518 858/1681/518
f 553/762/519 554/678/519 1187/681/519 1186/763/519
f 309/1770/520 310/1710/520 943/1711/520 942/1771/520
f 46/1772/434 47/1716/434 680/1717/434 679/1773/434
f 598/1750/59 599/1774/59 1232/1775/59 1231/1751/59
f 466/1776/521 467/1752/521 1100/1753/521 1099/1777/521
f 164/1732/522 165/1778/522 798/1779/522 797/1733/522
f 55/1754/438 56/1780/438 689/1781/438 688/1755/438
f 151/1782/523 152/1783/523 785/1784/523 784/1785/523
f 412/1760/524 413/1786/524 1046/1787/524 1045/1761/524
f 204/1788/525 205/1714/499 838/1715/499 837/1789/525
f 599/1774/66 600/1790/66 1233/1791/66 1232/1775/66
f 343/1740/526 342/1792/526 975/1793/526 976/1741/526
f 56/1780/444 57/1794/444 690/1795/444 689/1781/444
f 152/1783/527 153/1796/527 786/1797/527 785/1784/527
f 172/1798/528 173/1744/528 806/1747/528 805/1799/528
f 465/1800/529 466/1776/529 1099/1777/529 1098/1801/529
f 303/860/530 304/784/530 937/785/530 936/861/530
f 57/1794/449 58/1802/449 691/1803/449 690/1795/449
f 150/1804/531 151/1782/531 784/1785/531 783/1805/531
f 594/1806/75 595/1724/75 1228/1727/75 1227/1807/75
f 413/1786/532 414/1808/533 1047/1809/533 1046/1787/532
f 294/661/534 293/1696/534 926/1697/534 927/662/534
f 271/1696/535 270/661/535 903/662/535 904/1697/535
f 149/1810/536 150/1804/536 783/1805/536 782/1811/536
f 593/1812/537 594/1806/537 1227/1807/537 1226/1813/537
f 308/1814/538 309/1770/538 942/1771/538 941/1815/538
f 45/1816/459 46/1772/459 679/1773/459 678/1817/459
f 600/1790/84 601/1818/84 1234/1819/84 1233/1791/84
f 368/1820/539 369/1730/539 1002/1731/539 1001/1821/539
f 165/1778/540 166/1822/540 799/1823/540 798/1779/540
f 58/1802/460 59/1824/460 692/1825/460 691/1803/460
f 148/1826/541 149/1810/541 782/1811/541 781/1827/541
f 179/661/542 180/1728/542 813/1729/542 812/662/542
f 464/1828/543 465/1800/543 1098/1801/543 1097/1829/543
f 59/1824/468 60/1830/468 693/1831/468 692/1825/468
f 147/1832/544 148/1833/545 781/1834/545 780/1835/544
f 552/753/91 553/762/91 1186/763/91 1185/754/91
f 414/1808/533 415/1836/546 1048/1837/546 1047/1809/533
f 171/639/547 172/1798/547 805/1799/547 804/640/547
f 318/661/548 365/1762/548 998/1763/548 951/662/548
f 304/784/549 305/650/549 938/653/549 937/785/549
f 226/1768/550 227/661/550 860/662/550 859/1769/550
f 60/1830/474 61/1838/474 694/1839/474 693/1831/474
f 146/1840/544 147/1832/544 780/1835/544 779/1841/544
f 592/1842/98 593/1812/98 1226/1813/98 1225/1843/98
f 463/669/551 464/1828/551 1097/1829/551 1096/670/551
f 145/1844/541 146/1845/541 779/1846/541 778/1847/541
f 591/1848/104 592/1842/104 1225/1843/104 1224/1849/104
f 415/1836/552 416/634/552 1049/637/552 1048/1837/552
f 307/658/553 308/774/553 941/775/553 940/659/553
f 203/661/554 204/1788/554 837/1789/554 836/662/554
f 44/655/481 45/1816/481 678/1817/481 677/656/481
f 601/1818/108 602/646/108 1235/649/108 1234/1819/108
f 166/1822/555 167/672/555 800/675/555 799/1823/555
f 342/1792/556 341/748/556 974/751/556 975/1793/556
f 144/1850/536 145/1844/536 778/1847/536 777/1851/536
f 366/933/557 367/1852/557 1000/1853/557 999/934/557
f 10/1456/485 11/692/485 644/695/485 643/1457/485
f 142/1765/80 143/1854/80 776/1855/80 775/1766/80
f 367/1852/558 368/1820/558 1001/1821/558 1000/1853/558
f 155/661/559 156/806/559 789/809/559 788/662/559
f 143/1184/531 144/1850/531 777/1851/531 776/1185/531
f 590/687/560 591/1848/560 1224/1849/560 1223/688/560
